damsire,IV,A/E,PRB,PRB2
Rare One,2.113,2.213,0.363,0.288
Sanglamore,1.07,0.763,0.53,0.382
Grey Desire,1.687,1.57,0.542,0.412
Signani,0,0,0.229,0.12
Gorytus,1.351,1.042,0.516,0.38
Targowice,0.775,0.934,0.448,0.305
Djarvis,1.754,0.841,0.581,0.435
Sadlers Wells,1.189,0.825,0.518,0.374
Bustino,0.775,0.611,0.497,0.349
Gildoran,1.341,0.914,0.474,0.344
Mtoto,0.976,0.861,0.509,0.361
Kalaglow,1.427,1.092,0.5,0.365
Song,0.818,0.835,0.44,0.294
Sir Ivor,0.914,0.75,0.483,0.341
Behistoun,0.894,1.031,0.548,0.376
Stanford,0.484,0.453,0.338,0.196
Al Nasr,0.942,0.91,0.462,0.322
Final Straw,1.248,1.353,0.474,0.332
Horage,0.74,0.753,0.391,0.262
Petong,0.984,0.929,0.504,0.354
Lancastrian,0.913,0.746,0.49,0.35
Formidable I,1.095,0.907,0.508,0.357
Touching Wood,1.524,1.216,0.564,0.434
Ardross,1.462,1.083,0.505,0.374
Glen Quaich,0,0,0.406,0.269
Royal Fountain,0.697,0.673,0.419,0.299
Doctor Pangloss,0,0,0.1,0.04
Dominion,0.85,0.843,0.48,0.342
Rymer,1.603,1.042,0.501,0.384
Sharpo,1.166,1.128,0.461,0.325
Wham I,3.32,1.61,0.756,0.608
Damister,1.768,1.642,0.516,0.374
Fred Astaire,1.453,1.369,0.5,0.344
High Estate,0.85,0.892,0.475,0.324
Alwasmi,1.66,1.261,0.524,0.377
Top Ville,1.564,1.001,0.532,0.4
Cyrano De Bergerac,0.486,0.552,0.408,0.254
Irish River,1.218,0.843,0.511,0.367
Tom Rolfe,0.415,0.274,0.535,0.386
Le Moss,1.039,0.883,0.494,0.359
Town And Country,0.917,0.684,0.477,0.339
Remainder Man,0.782,0.654,0.489,0.332
Deep Run,0.874,0.69,0.472,0.342
Pyjama Hunt,0.968,1.055,0.463,0.303
Tinas Pet,1.385,1.255,0.442,0.316
Altayan,2.905,1.575,0.465,0.366
Royal Vulcan,0.894,0.86,0.386,0.245
Digamist,0.479,0.418,0.498,0.326
Groom Dancer,0.852,0.779,0.486,0.339
Salluceva,0.676,0.531,0.481,0.341
Ringaro,5.811,4.444,0.5,0.5
Shirley Heights,1.347,0.953,0.528,0.382
Woodman,0.97,0.719,0.503,0.351
Teenoso,1.045,0.86,0.495,0.343
Northfields,0.93,0.86,0.47,0.318
Lomond,1.073,0.828,0.513,0.366
Vaguely Noble,1.15,0.762,0.527,0.387
Henbit,1.034,0.836,0.488,0.349
Caerleon,1.112,0.841,0.517,0.37
Caucasus,0.83,1.171,0.41,0.261
Sharpen Up,0.916,0.86,0.494,0.346
Entitled,1.291,0.921,0.543,0.418
Hard Fought,0.618,0.817,0.378,0.238
Kings Lake,0.75,0.654,0.489,0.332
Chiefs Crown,1.176,0.972,0.469,0.331
Rontino,1.5,1.252,0.524,0.384
Star Appeal,1.056,0.925,0.479,0.351
Pollerton,0.941,0.676,0.495,0.356
Chantro,0,0,0.301,0.111
Glow,0.857,0.819,0.435,0.301
Superlative,0.9,0.767,0.512,0.353
Centaine,0,0,0.395,0.273
Shareef Dancer,0.84,0.677,0.494,0.344
Mill Reef,1.247,1.042,0.51,0.362
Shaadi,1.467,1.137,0.552,0.414
Ahonoora,1.019,0.782,0.534,0.387
Phone Trick,1.701,1.245,0.499,0.388
Glint Of Gold,0.734,0.679,0.438,0.301
Tickled Pink,0,0,0.459,0.278
Last Tycoon,1.046,0.82,0.501,0.351
Roselier,0.829,0.7,0.477,0.342
Mon Capitaine,0,0,0.381,0.231
Dromod Hill,1.5,1.224,0.573,0.432
Orchestra,0.804,0.687,0.475,0.331
On Your Mark,0.28,0.241,0.435,0.296
Nureyev,1.211,0.89,0.516,0.368
Simply Great,1.032,0.886,0.5,0.36
Furry Glen,0.966,0.766,0.498,0.361
Castle Keep,1.195,0.851,0.501,0.368
Sound Reason,3.486,1.367,0.75,0.615
Alzao,0.84,0.746,0.477,0.328
Mossberry,1.55,1.538,0.568,0.389
Taufan,0.915,0.854,0.493,0.34
Ashmore,0.567,0.488,0.604,0.447
Rolfe,0.676,0.61,0.447,0.324
Bold Owl,0.423,0.527,0.419,0.259
Tirol,1.022,0.862,0.474,0.333
Bluebird,0.925,0.783,0.486,0.334
Fast,0,0,0.28,0.133
Averof,0,0,0.37,0.205
Darshaan,1.117,0.83,0.525,0.378
The Parson,1.215,0.911,0.472,0.347
In The Wings,1.382,1.004,0.552,0.402
Alleged,1.369,0.866,0.574,0.428
Crash Course,0.935,0.781,0.498,0.356
Akarad,1.427,0.899,0.526,0.395
Homing,0.875,0.687,0.489,0.35
Royal Palace,1.025,0.844,0.533,0.376
Our Native,0.258,0.291,0.383,0.248
Slip Anchor,0.893,0.703,0.522,0.37
Hatim,0,0,0.317,0.166
Hay Chas,0,0,0.319,0.225
Kendor,2.324,1.577,0.647,0.489
Effervescing,2.49,1.294,0.626,0.513
Vice Regent,1.094,0.703,0.492,0.362
Balinger,1.775,1.075,0.47,0.373
Tyrnavos,1.66,1.09,0.545,0.407
Glenstal,1.105,0.977,0.521,0.37
Rainbows For Life,0.637,0.586,0.443,0.297
Roscoe Blake,0.942,0.924,0.482,0.344
Chief Singer,1.227,0.978,0.555,0.402
Wolver Heights,0,0,0.198,0.039
Scottish Reel I,1.209,1.024,0.513,0.365
Keen,0.85,0.935,0.365,0.236
Sir Mago,0.415,0.478,0.415,0.293
Cardinal Flower,1.423,1.096,0.453,0.331
Sallust,0.712,0.655,0.471,0.318
Far North,0.387,0.449,0.407,0.272
High Top,0.517,0.513,0.436,0.293
Kind Of Hush,1.028,0.982,0.429,0.288
Golden Love I,1.172,0.929,0.533,0.394
King Of Clubs I,0.31,0.371,0.421,0.261
Robellino,0.738,0.685,0.482,0.329
Danzig Connection,0.27,0.3,0.421,0.252
Le Marmot,0,0,0.067,0.004
Celtic Cone,1.254,1.043,0.492,0.369
Be My Guest,0.883,0.701,0.482,0.337
Main Reef I,1.153,0.922,0.51,0.351
Derrylin,1.535,1.276,0.43,0.305
Quart De Vin,2.064,1.144,0.531,0.419
Night Shift,1.246,0.898,0.522,0.381
Dancing Brave,1.183,0.934,0.502,0.349
Blushing Groom,1.032,0.743,0.502,0.361
Topsider,0.987,0.969,0.495,0.345
The Minstrel,1.018,0.806,0.488,0.341
Distinctly North,0.696,0.697,0.457,0.313
Astronef,0.65,0.741,0.344,0.203
Broken Hearted,1.114,1.169,0.531,0.386
Salse,0.878,0.818,0.442,0.297
Slew OGold,1.015,0.774,0.489,0.345
Machiavellian,1.047,0.76,0.528,0.376
Green Shoon,1.213,0.722,0.468,0.357
Lyphard,1.135,0.862,0.508,0.363
Politico,0,0,0.434,0.261
Cariellor,0.684,0.44,0.483,0.338
Tobrouk,0,0,0,0
Deadly Nightshade,0,0,0.278,0.154
Pure Flight,1.66,0.944,0.589,0.455
Super Concorde,1.192,0.934,0.462,0.332
Electric I,1.003,0.784,0.483,0.34
Auction Ring,1.056,0.823,0.514,0.365
My Friend Paul,0,0,0.398,0.243
Dunbeath,0.553,0.607,0.453,0.3
Val De LOrne,2.235,1.417,0.581,0.46
Scorpio,1.367,1.579,0.483,0.358
Avocat,1.011,1.036,0.432,0.299
Montelimar,1.125,0.737,0.553,0.411
Mandalus,0.656,0.538,0.483,0.341
Caerwent,1.816,1.323,0.511,0.4
Import,0.298,0.437,0.301,0.16
Le Bavard,1.053,0.846,0.463,0.335
Riverman,1.357,0.966,0.531,0.386
Strong Gale,1.308,0.918,0.511,0.379
Roi De Rome,5.811,1.739,0.849,0.754
Aragon,0.855,0.735,0.485,0.338
Grand Conde,2.113,1.159,0.665,0.565
Cricket Ball,0,0,0.503,0.354
Riot Helmet,0.553,0.399,0.468,0.323
Gala Performance,0.775,0.665,0.428,0.285
Down The River,0,0,0.322,0.162
Imperial Fling,0.83,0.585,0.53,0.386
Foolish Pleasure,0,0,0.457,0.291
Military,4.649,1.906,0.747,0.701
Icelandic,3.32,2.349,0.775,0.631
Move Off,0.861,1.35,0.409,0.288
Skyliner I,0.885,0.922,0.439,0.302
Orange Bay,0.612,0.508,0.578,0.435
Gulf Pearl,2.905,2.505,0.701,0.549
Nicholas Bill,0.543,0.5,0.417,0.288
Le Tricolore,0,0,0.167,0.043
Singh,1.162,1.609,0.548,0.406
Kenmare,1.049,0.854,0.474,0.34
Law Society,0.936,0.805,0.485,0.334
Prince Tenderfoot,0.894,0.8,0.474,0.328
Sparkler I,0.726,0.778,0.451,0.296
Affirmed,0.734,0.465,0.558,0.411
Revlow,0,0,0.725,0.552
Gold Rod,1.788,1.419,0.652,0.515
Commanche Run,1.146,0.984,0.488,0.343
Kampala,1.634,1.163,0.509,0.371
Mummys Pet,0.913,0.958,0.469,0.315
Waajib,0.723,0.657,0.463,0.314
Buckskin,1.348,1.06,0.511,0.379
Phardante,1.174,0.826,0.504,0.372
Millers Mate,0.75,0.447,0.634,0.478
Roan Rocket,0.684,0.78,0.462,0.312
Northern Dancer,0.541,0.464,0.49,0.341
Dubassoff,1.347,1.052,0.491,0.372
Duky,1.177,0.793,0.448,0.311
Welsh Captain,0.646,0.96,0.343,0.239
Funny ManI,0,0,0.125,0.06
Sexton Blake,0.345,0.492,0.421,0.27
Danzig,1.007,0.731,0.511,0.358
Anshan,0.845,0.814,0.472,0.326
Broadsword,0.43,0.444,0.404,0.286
Green Desert,1.125,0.835,0.512,0.366
Persian Heights,0.701,0.692,0.436,0.287
Jasmine Star,1.291,1.024,0.354,0.246
Sit In The Corner,1.162,1.76,0.461,0.331
Mazaad,0.968,0.801,0.494,0.346
Miners Lamp,1.162,0.968,0.463,0.328
Belfort,0.66,0.567,0.46,0.317
Kambalda,0.576,0.546,0.474,0.324
Suvero,2.113,1.03,0.593,0.451
Pragmatic,0.604,0.561,0.465,0.316
Dara Monarch,0,0,0.288,0.141
Primitive Rising,0.996,0.569,0.599,0.479
Pharly,1.019,0.83,0.526,0.379
Roberto,0.96,0.725,0.491,0.338
Tyrant,1.367,1.047,0.582,0.412
Polish Precedent,0.89,0.749,0.512,0.359
Pennine Walk,1.162,0.918,0.512,0.366
Cree Song,1.291,0.861,0.468,0.361
Master Owen,0.646,0.429,0.473,0.338
Niniski,1.11,0.858,0.512,0.369
Mandrake Major,0.989,1.15,0.477,0.315
Proverb,1.175,0.837,0.519,0.39
Nashwan,1.185,0.828,0.501,0.358
Polish Patriot,1.316,0.927,0.518,0.375
Blakeney,1.556,1.151,0.535,0.395
Melyno,1.937,2.871,0.351,0.265
Fappiano,1.754,1.247,0.543,0.421
Kings Ride,1.087,0.87,0.523,0.387
Shadeed,0.959,0.75,0.505,0.36
Sackford,0,0,0,0
Gran Alba,0,0,0.143,0.061
Big John,1.453,1.805,0.494,0.345
Sharrood,0.656,0.591,0.45,0.298
Warpath,0.632,0.697,0.477,0.338
Dahar,1.096,1.042,0.409,0.286
Persian Bold,1.084,0.877,0.507,0.363
Danzatore,0.75,0.406,0.548,0.367
Seeking The Gold,1.351,0.965,0.529,0.39
Coxs Ridge,0,0,0.356,0.21
Kris,0.965,0.83,0.485,0.338
Sagace,1.722,1.149,0.473,0.336
Indian Ridge,0.981,0.775,0.505,0.362
Al Sirat I,0,0,0.263,0.144
Port Etienne I,2.324,1.208,0.524,0.402
Wonderful Surprise,2.905,2.254,0.717,0.63
What A Guest,0,0,0.31,0.155
Derring Rose,0.715,0.769,0.456,0.32
Apollo Eight,0.968,1.497,0.465,0.317
Nobody Knows,0,0,0.067,0.013
Paddys Stream,1.175,0.798,0.49,0.351
Conquistador Cielo,1.803,1.252,0.592,0.458
Torus,0.917,0.816,0.452,0.309
Zaffaran,1.056,1.36,0.32,0.17
Oats,0.841,0.757,0.474,0.339
Kaldoun,1.162,0.808,0.546,0.401
Carlingford Castle,1.109,0.938,0.489,0.356
Scallywag,1.045,1.1,0.367,0.244
Mukaddamah,1.516,1.276,0.543,0.41
Housebuster,2.162,1.919,0.503,0.378
Be My Chief,1.291,1.147,0.514,0.366
Ela-Mana-Mou,0.974,0.845,0.512,0.359
Arctic Tern,0.795,0.613,0.496,0.346
Celestial Storm,0.911,1.1,0.56,0.402
Thatching,1.136,1.04,0.504,0.357
Lion Cavern,1.55,1.089,0.526,0.381
El Gran Senor,0.854,0.648,0.489,0.335
Lightning,2.324,2.149,0.593,0.45
Northern State,0.788,0.819,0.448,0.305
Try My Best,0.272,0.279,0.377,0.223
Forzando,0.702,0.592,0.48,0.339
M Double M,0.85,0.784,0.543,0.389
Petardia,0.911,0.818,0.51,0.347
Exactly Sharp,1.453,1.406,0.478,0.344
Young Generation,0.625,0.598,0.455,0.303
Nomination,1.102,0.933,0.543,0.384
Macs Imp,0.618,0.705,0.415,0.269
Corvaro,0.738,0.739,0.395,0.244
Elmaamul,1.639,1.206,0.471,0.323
Head For Heights,1.788,1.569,0.546,0.412
Ballad Rock,0.691,0.591,0.467,0.318
Julio Mariner,1.336,1.017,0.463,0.337
Trempolino,1.39,1.012,0.541,0.39
Dancing Dissident,0.52,0.477,0.467,0.303
Chilibang,0.253,0.278,0.447,0.295
Belmez,1.094,1.031,0.505,0.358
Pas De Seul,1,0.901,0.468,0.338
Mazilier,0.637,0.467,0.501,0.342
Carwhite,0.628,0.501,0.447,0.311
Bay Express,0.888,0.734,0.46,0.312
Nabeel Dancer,0.775,0.87,0.52,0.375
Generous,1.118,0.82,0.561,0.414
Scenic,1.633,1.027,0.548,0.403
Prince Rupert,0.756,0.756,0.455,0.303
Rahy,1.463,1.028,0.547,0.397
Precocious,0.704,0.656,0.45,0.287
Don,0.738,0.661,0.548,0.398
Indian King,0.83,0.705,0.47,0.326
Lochnager,0.599,0.613,0.428,0.277
Imperial Frontier,1.535,1.209,0.552,0.408
Geiger Counter,0.401,0.718,0.284,0.161
Rainbow Quest,1.081,0.824,0.505,0.359
Bob Back,1.031,0.846,0.476,0.324
General Assembly,1.228,0.86,0.508,0.373
Warrshan,1.252,1.219,0.503,0.361
Efisio,1.22,0.991,0.551,0.399
Doyoun,1.039,0.775,0.532,0.385
Highest Honor,1.399,1.103,0.505,0.38
Daring March,0.572,0.699,0.413,0.269
Tragic Role,0.465,0.558,0.43,0.277
Fairy King,0.733,0.652,0.481,0.33
Key To The Kingdom,0.505,0.369,0.394,0.247
Sri Pekan,0.674,0.548,0.518,0.361
Lypheor,0.363,0.252,0.575,0.414
Most Welcome,1.28,1.137,0.525,0.382
Grand Lodge,0.924,0.892,0.461,0.301
Vision,0.856,0.668,0.469,0.325
Shalford,1.375,1.055,0.519,0.388
Storm Bird,1.458,0.947,0.573,0.427
First Trump,1.234,0.878,0.584,0.426
White Mill,0,0,0.496,0.347
Pips Pride,0.807,0.857,0.455,0.304
Lord Bud,0.894,1.33,0.363,0.221
Relkino,1.33,1.003,0.443,0.322
Royal Academy,0.955,0.815,0.512,0.361
Sham,1.937,1.263,0.459,0.34
College Chapel,1.572,1.113,0.542,0.396
Damascus,0.291,0.287,0.481,0.322
Warning,0.981,0.846,0.501,0.348
Lake Coniston,1.808,1.152,0.591,0.462
Marouble,1.395,1.038,0.51,0.341
Pursuit Of Love,0.854,0.724,0.479,0.328
Bering,0.936,0.724,0.481,0.329
Absalom,0.777,0.713,0.479,0.321
Paris House,0.917,0.627,0.433,0.267
Martinmas,0.453,0.494,0.483,0.327
Free State I,0.867,0.873,0.5,0.343
Red Ransom,0.375,0.312,0.497,0.331
Afleet,0.992,0.645,0.505,0.354
Millfontaine,0.646,0.485,0.523,0.351
Busted,0.822,0.633,0.501,0.366
Reprimand,0.775,0.758,0.473,0.333
Puissance,0.481,0.525,0.399,0.246
Prince Sabo,1.069,0.912,0.509,0.361
Strawberry Road,1.585,1.231,0.423,0.285
King Of Spain,0.459,0.768,0.273,0.161
Hamas,0.528,0.421,0.553,0.387
Platini,1.55,0.846,0.571,0.424
Bigstone,0.588,0.546,0.449,0.295
Roi Danzig,0.77,0.673,0.45,0.31
Red Sunset,0.711,0.68,0.447,0.294
Prince Des Coeurs,0,0,0.235,0.059
Case Law,0.465,0.659,0.352,0.208
Ajdal,1.093,0.877,0.525,0.37
Lyphards Special,1.423,1.107,0.612,0.47
Rudimentary,1.512,1.118,0.564,0.419
Shavian,2.039,1.934,0.555,0.401
Galetto,0.408,0.443,0.464,0.297
Nebos,1.162,0.893,0.557,0.409
Beau Genius,0,0,0.42,0.26
Green Dancer,1.028,0.892,0.48,0.338
Kingmambo,1.516,1.095,0.584,0.435
Tanfirion,0.762,0.717,0.497,0.346
Le Johnstan,0.553,0.558,0.536,0.366
Mango Express,0.775,1.23,0.468,0.309
Private Account,1.211,0.949,0.474,0.331
Elegant Air,1.214,0.845,0.524,0.38
Petorius,1.091,0.959,0.475,0.339
Lahib,0.961,0.744,0.501,0.359
Surumu,1.018,0.757,0.539,0.386
Gone West,1.414,0.954,0.515,0.38
Salmon Leap,1.453,0.858,0.541,0.401
Selkirk,1.196,0.907,0.527,0.38
Tenby,0.408,0.388,0.499,0.336
Common Grounds,0.792,0.712,0.478,0.326
Danehill,1.399,1.059,0.524,0.378
Miswaki,1.021,0.877,0.497,0.352
Northiam,0.43,0.434,0.302,0.169
Catrail,0.387,0.452,0.416,0.258
Primo Dominie,1.125,0.965,0.496,0.352
Mind Games,0.375,0.285,0.509,0.328
Jalmood,0.511,0.581,0.393,0.244
Piccolo,0.811,0.678,0.588,0.411
Music Boy,0.953,0.954,0.493,0.346
Junius,0.904,0.85,0.489,0.34
Star De Naskra,1.66,1.613,0.562,0.434
Jellaby,0.93,0.917,0.523,0.353
Wolfhound,0.959,0.868,0.466,0.321
Distant Relative,1.135,0.863,0.504,0.359
Ogygian,0.684,0.582,0.468,0.296
Marju,1.3,0.866,0.557,0.408
Kahyasi,1.112,0.806,0.533,0.384
Cadeaux Genereux,0.996,0.801,0.508,0.361
Lyphards Wish,1.55,1.068,0.597,0.464
Mujtahid,0.741,0.671,0.448,0.298
Mujadil,0.47,0.514,0.41,0.26
Out Of Place,0,0,0.276,0.152
Frimley Park,0,0,0.532,0.324
Lafontaine I,0.953,0.711,0.526,0.379
Elocutionist,0,0,0.523,0.332
Vayrann,0.62,0.641,0.47,0.323
Fools Holme,0.84,0.636,0.502,0.361
Never So Bold,0.67,0.671,0.481,0.323
Faustus,0.734,0.588,0.452,0.31
Anabaa,1.384,1.355,0.498,0.341
Kings Theatre,0.484,0.598,0.518,0.37
Lure,0,0,0.29,0.14
Lead On Time,1.127,0.827,0.519,0.376
Fuzzbuster,1.011,1.217,0.445,0.284
Polar Falcon,1.062,0.787,0.513,0.37
Domynsky,1.036,1.004,0.53,0.386
Emarati,0.587,0.53,0.464,0.312
Lear Fan,1.339,1.041,0.507,0.364
Milford,1.409,1.112,0.527,0.383
Bairn,0.588,0.795,0.325,0.194
Local Suitor,0.547,0.506,0.421,0.286
Clantime,1.356,1.023,0.582,0.433
Rock Hopper,0.775,0.6,0.499,0.349
Wattlefield,0.664,1.042,0.268,0.159
Double Schwartz,0.83,0.677,0.501,0.358
Nijin,0,0,0.307,0.149
Owington,1.341,1.117,0.526,0.377
Rusticaro,0.765,0.844,0.434,0.284
Lycius,0.936,0.824,0.525,0.362
Elbio,1.004,1.057,0.42,0.279
Dowsing,0.915,0.763,0.502,0.35
Zilzal,1.367,1.08,0.5,0.36
Reasonable,0.375,0.432,0.451,0.283
Soviet Star,1.034,0.905,0.522,0.367
Unfuwain,0.773,0.634,0.478,0.324
Interrex,0.726,0.547,0.375,0.25
Treasure Kay,0.569,0.601,0.466,0.316
Environment Friend,0.84,0.802,0.481,0.328
Lord Gayle,0.805,0.61,0.47,0.316
Arazi,1.207,0.951,0.524,0.368
Tumble Wind I,0.689,0.665,0.465,0.315
Alysheba,1.386,0.744,0.542,0.399
Beveled,0.349,0.391,0.461,0.299
Brief Truce,0.933,0.786,0.482,0.321
Fayruz,0.728,0.65,0.467,0.31
Headin Up,0,0,0.262,0.148
Dayjur,1.157,0.775,0.552,0.414
Ridgewood Ben,0,0,0.529,0.351
Artaius,0.641,0.568,0.549,0.389
Barathea,1.007,0.786,0.489,0.343
Ballacashtal,0.83,0.905,0.462,0.319
Superpower,0.755,0.812,0.455,0.299
Shernazar,1.021,0.953,0.475,0.33
Petoski,1.031,0.978,0.469,0.324
Anitas Prince,0.523,0.471,0.449,0.3
Opening Verse,0,0,0.485,0.326
Sabrehill,0.756,0.767,0.462,0.31
Midyan,1.272,1.247,0.512,0.36
Ajraas,0,0,0.344,0.193
Presidium,0.604,0.702,0.417,0.286
Tachypous,0,0,0.142,0.048
Magical Wonder,0.726,0.577,0.484,0.328
Habitat,1.205,0.925,0.515,0.37
Old Vic,0.674,0.602,0.455,0.315
Fabulous Dancer,0.272,0.249,0.414,0.255
Dont Forget Me,0.609,0.573,0.466,0.305
Lords,0,0,0.262,0.131
Lucky Wednesday,0.612,0.834,0.432,0.281
Inchinor,0.652,0.566,0.434,0.281
Homebuilder,0,0,0.2,0.06
Diesis,1.05,0.789,0.499,0.357
Random Shot,0.5,0.444,0.427,0.277
Noble Patriarch,0.447,0.51,0.483,0.336
Hansel,1.403,1.172,0.515,0.373
Jade Hunter,2.086,1.525,0.649,0.517
Posse I,0.62,0.711,0.43,0.275
Lammtarra,1.902,1.397,0.537,0.384
Terimon,1.379,0.937,0.529,0.378
Twilight Agenda,0.484,0.363,0.54,0.353
Wuzo,0,0,0.115,0.023
Sheikh Albadou,1.376,1.214,0.524,0.378
Miswaki Tern,3.099,1.205,0.834,0.733
Deploy,0.874,0.663,0.552,0.401
Septieme Ciel,0.628,0.563,0.444,0.279
Sylvan Express,1.453,1.237,0.572,0.4
Hallgate,1.038,1.039,0.432,0.291
Ardkinglass,1.709,1.243,0.526,0.386
Magic Ring,0.618,0.444,0.514,0.362
Acatenango,1.618,0.985,0.573,0.422
Shahrastani,1.092,1.058,0.498,0.348
Baptism,0.447,0.41,0.408,0.261
Seattle Dancer,1.256,0.799,0.526,0.372
Tel Quel,0,0,0.41,0.284
Lord Avie,0.861,1.162,0.392,0.236
Royal Abjar,0.646,0.603,0.516,0.342
Concordes Tune,0,0,0.383,0.208
Always Fair,1.529,1.287,0.563,0.433
Linamix,1.367,0.872,0.528,0.383
Rambo Dancer,0.553,0.496,0.475,0.324
Kings Signet,0,0,0.17,0.088
Standaan,0.658,0.634,0.502,0.342
Statoblest,1.155,0.865,0.532,0.386
Most Secret,0.298,0.311,0.525,0.346
Green Forest,0.942,0.91,0.54,0.384
Weldnaas,0.646,0.714,0.441,0.289
Beverley Boy,0,0,0.364,0.184
Rock City,1.028,0.7,0.545,0.391
Relko,0,0,0.482,0.305
Dalsaan,0.807,0.727,0.45,0.301
Timeless Native,0,0,0.302,0.161
Perugino,0.471,0.508,0.458,0.302
Picea,0,0,0.123,0.035
Timeless Times,1.096,1.673,0.411,0.262
Precious Metal,0.968,1.067,0.511,0.355
Native Bazaar,0.283,0.393,0.422,0.259
Burslem,1.045,0.76,0.59,0.442
Cure The Blues,0.894,0.733,0.471,0.339
Dehere,1.291,1.793,0.388,0.242
Blue Cashmere,0.861,0.879,0.45,0.299
Dreams To Reality I,0,0,0.337,0.185
Ilium,2.051,1.561,0.517,0.417
Mr Prospector,1.679,1.084,0.551,0.405
Hawaii,0,0,0.258,0.09
Mark Of Esteem,1.291,1.16,0.513,0.358
Zafonic,0.933,0.696,0.503,0.349
Sure Blade,1.367,1.24,0.477,0.337
Hernando,0.474,0.49,0.471,0.311
Alleging,0.801,0.644,0.506,0.36
Northern Baby,0.379,0.315,0.475,0.33
Doulab,0.387,0.371,0.5,0.327
So Factual,1.55,0.861,0.521,0.402
Seattle Slew,1.356,0.939,0.513,0.376
Music Maestro,1.55,1.069,0.61,0.441
Storm Cat,1.302,0.983,0.54,0.394
Nijinsky,1.051,0.748,0.5,0.358
Enchantment I,0.581,1.128,0.245,0.143
Secretariat,1.436,1.143,0.532,0.385
Prized,0,0,0.266,0.152
Welsh Pageant,1.259,1.016,0.504,0.374
Fair Season,1.835,1.459,0.512,0.375
Blues Traveller,0.484,0.465,0.468,0.307
Bold Ruckus,0.83,0.554,0.488,0.298
Take Me Out,0,0,0.393,0.241
Rousillon,1.614,1.197,0.547,0.407
Quest For Fame,0.968,0.409,0.594,0.444
Dance In Time,1.117,0.685,0.544,0.396
Forty Niner,1.245,0.989,0.454,0.328
Nordico,0.91,0.778,0.488,0.346
Tremblant,0.465,0.549,0.409,0.261
Noalto,0.968,0.745,0.513,0.361
Imp Society,1.367,1.628,0.533,0.392
Batshoof,0.945,0.805,0.532,0.383
Namaqualand,1.033,0.9,0.503,0.346
Toca Madera,1.55,1.23,0.526,0.365
Tower Walk,0,0,0.398,0.234
Second Set,1.291,1.056,0.519,0.373
Governor General,0.352,0.439,0.292,0.174
Neltino,0.883,0.829,0.531,0.376
Air Trooper I,2.324,1.542,0.486,0.378
Salt Dome,0.758,0.776,0.457,0.305
Persepolis,1.162,0.911,0.471,0.322
Colonel Collins,1.367,1.439,0.477,0.357
Godswalk,0.822,0.656,0.502,0.359
Suave Dancer,1.392,1.094,0.514,0.373
Anfield I,0.394,0.563,0.405,0.257
Chromite,0.83,0.649,0.536,0.366
Shy Groom,0.872,0.879,0.466,0.304
Tate Gallery,1.346,0.913,0.51,0.377
Robin Des Pins,0,0,0.5,0.341
Dolphin Street,1.276,1.229,0.429,0.294
Copelan,0.775,0.585,0.319,0.186
Dilum,0.491,0.672,0.404,0.261
Gunner B,1.238,1.104,0.438,0.312
Hadeer,0.219,0.318,0.389,0.238
Kafu,0.536,0.588,0.462,0.307
Crofthall,0.513,0.789,0.374,0.233
Tristrams Heritage,0.775,0.978,0.496,0.364
Seclude I,1.316,1.153,0.515,0.361
Deputy Minister,1.198,0.721,0.591,0.432
Distant View,1.081,0.721,0.557,0.391
Sizzling Melody,0.601,0.72,0.441,0.288
Reference Point,1.027,0.96,0.478,0.327
Jareer,1.021,0.687,0.516,0.372
Brocco,3.874,2.115,0.835,0.734
Grundy,0.447,0.51,0.411,0.249
Exhibitioner,0.818,0.961,0.47,0.311
Mount Hagen,1.162,0.816,0.519,0.366
Alnasr Alwasheek,0.528,0.675,0.502,0.337
Classic Secret I,0.626,0.576,0.491,0.348
Gallic League,0.447,0.612,0.325,0.216
Rhythm,0,0,0.503,0.254
Komaite,0.745,0.952,0.363,0.224
Ezzoud,0.495,0.495,0.439,0.289
Hawkins Special,0,0,0.55,0.458
Cragador,1.788,1.331,0.557,0.396
Alpenkonig,0,0,0.56,0.334
Kefaah,1.143,0.814,0.535,0.378
Siberian Express,0.946,0.761,0.535,0.386
Briartic,0,0,0.124,0.033
Sandhurst Prince,0.211,0.273,0.418,0.256
Pennekamp,1.937,1.297,0.607,0.501
Day Is Done,0,0,0.403,0.253
Halling,0.75,0.876,0.461,0.297
Chieftain,1.236,1.176,0.534,0.382
Denel,1.453,1.063,0.452,0.339
Orofino,0.726,0.565,0.643,0.485
Key To The Mint,0,0,0.401,0.234
Tepukei,0,0,0.272,0.146
Grey Dawn II,1.69,1.278,0.5,0.369
Norwick,0.232,0.194,0.495,0.357
Choral Society,0,0,0.494,0.331
Current Magic,0,0,0.24,0.151
Olmeto,1.66,1.233,0.467,0.369
Star Wolf,3.32,1.472,0.732,0.587
Bellypha,0.642,0.507,0.532,0.375
Monksfield,1.382,0.992,0.5,0.373
Dom Pasquini,1.66,0.896,0.62,0.472
Idiots Delight,0.557,0.463,0.469,0.332
General Ironside,1.229,0.896,0.559,0.43
Callernish,0.609,0.457,0.473,0.34
Full Of Hope,1.011,0.942,0.394,0.311
LEmigrant,0,0,0.361,0.2
Cadoudal,1.198,0.931,0.446,0.33
Seymour Hicks,0.215,0.209,0.516,0.36
Raga Navarro,0.894,0.791,0.479,0.345
Be My Native,0.807,0.673,0.509,0.35
Easy Goer,1.885,1.086,0.573,0.429
Baron Blakeney,0.283,0.263,0.367,0.248
Olden Times,0,0,0.567,0.349
Palm Track,0.581,0.902,0.385,0.25
Belfalas,0.596,0.749,0.378,0.239
Master Willie,0.593,0.442,0.466,0.331
Crystal Palace,1.49,1.067,0.496,0.354
Arapaho,0.704,0.701,0.418,0.295
Crofter,0.375,0.3,0.511,0.357
Menelek,1.196,0.744,0.524,0.386
Saumarez,1.427,1.177,0.513,0.383
Creetown,0,0,0.316,0.192
Quayside I,0.481,0.443,0.437,0.294
Supreme Leader,0.93,0.726,0.516,0.373
Tip Moss,1.803,1.154,0.544,0.423
Reesh,0,0,0.378,0.227
Prince Regent,0,0,0.35,0.199
Wassl,1.107,0.991,0.511,0.358
Beldale Flutter,0.908,0.617,0.403,0.277
Good Thyne,1.286,0.863,0.507,0.371
Antwerp City,1.55,0.804,0.456,0.285
Rarity,2.268,1.196,0.516,0.422
Handsome Sailor,0.83,0.832,0.508,0.358
Abdos,0,0,0.467,0.327
Zino,1.564,1.052,0.592,0.464
Highlands I,0,0,0.147,0.037
Lord Americo,0.588,0.554,0.507,0.346
Yashgan,0,0,0.451,0.267
Over The River,1.314,0.972,0.492,0.362
Tadj,1.585,1.202,0.528,0.397
Hallodri,1.162,0.869,0.292,0.189
Cruise Missile,0.684,0.593,0.457,0.319
Nishapour,0.763,0.697,0.495,0.336
Little Buskins,0.474,0.484,0.357,0.247
Creative Plan I,0.623,0.602,0.48,0.329
Great Nephew,0.76,0.654,0.494,0.341
Posen,0,0,0.312,0.171
Alias Smith,0,0,0.514,0.384
War Hawk I,1.453,1.889,0.392,0.297
Strong Statement,0.567,0.516,0.436,0.291
Macmillion,0,0,0.311,0.182
Prince Rheingold,0.447,0.385,0.366,0.252
Major Point,0,0,0.31,0.142
Trimmingham,0.612,0.59,0.461,0.329
Mouktar,0.562,0.449,0.449,0.301
Major Petingo,0,0,0.134,0.038
Fine Blue,0,0,0.071,0.036
Shall We Dance I,2.324,1.08,0.618,0.502
Brezzo,0.5,0.425,0.529,0.37
Shelley,1.937,2.394,0.473,0.371
Neustrien,0,0,0.341,0.209
True Song,0.74,0.673,0.447,0.323
Mondrian,0,0,0.469,0.299
Decent Fellow,1.151,0.829,0.516,0.385
Grey Ghost I,0,0,0.419,0.267
Theatrical,0.989,0.89,0.447,0.299
Rex Magna,2.235,1.393,0.46,0.37
In The Mood,1.453,0.569,0.404,0.336
Pitpan,1.291,0.931,0.397,0.298
Pry,0.553,0.392,0.404,0.287
Pampabird,1.148,0.955,0.506,0.371
Jolly Jake,1.49,0.998,0.46,0.348
Sunyboy,0.164,0.291,0.311,0.168
Executive Perk,0.933,0.79,0.502,0.362
Arzanni,1.66,4.204,0.475,0.315
Lepanto,0.845,0.777,0.46,0.3
Netherkelly,1.069,0.825,0.498,0.356
Decoy Boy,0,0,0.158,0.063
Owen Dudley,0.726,0.403,0.388,0.263
Spud,1.291,0.746,0.558,0.444
Prince Wo,3.32,0.768,0.747,0.66
First Norman,0,0,0.407,0.251
Free Boy,2.324,0.875,0.644,0.559
Murmure,0,0,0.323,0.181
Secreto,0.75,0.53,0.508,0.36
Filiberto,0,0,0.502,0.339
Gift Card,0,0,0.448,0.259
In Reality,0,0,0.294,0.155
Crystal Glitters,1.184,0.953,0.545,0.404
Rising,2.905,1.412,0.616,0.516
Master Buck,1.66,1.303,0.496,0.387
Beyssac,1.55,0.655,0.634,0.512
Doubletour,0.415,0.414,0.478,0.341
Fine Blade,0.989,1.315,0.308,0.209
Sulaafah,0.387,1.279,0.254,0.135
Miramar Reef,0,0,0,0
Un Numide,2.905,1.57,0.643,0.561
Zamazaan,0.465,0.199,0.538,0.388
Ya Zaman,1.849,1.456,0.553,0.413
Balboa,0,0,0.148,0.078
Comedy Star,0.968,0.797,0.482,0.346
Troy,1.041,0.744,0.521,0.39
Jaazeiro,0,0,0.405,0.256
Profilic,0,0,0.718,0.519
Giolla Mear,0.818,0.699,0.47,0.336
Priolo,1.015,1.054,0.519,0.369
Golden Dipper,0,0,0.27,0.169
Welsh Saint,0.989,0.764,0.578,0.426
Shardari,1.08,0.751,0.524,0.379
Roi Soleil I,0,0,0.27,0.113
Black Minstrel,0.666,0.724,0.422,0.285
Murrayfield,2.179,1.3,0.633,0.496
Meadowlake,0,0,0.433,0.252
Distinctive Pro,0,0,0.537,0.318
Laurence O,0.953,0.656,0.513,0.389
Faraway Son,0,0,0.501,0.326
Flotow,0,0,0.457,0.284
Seattle Song,1.535,1.058,0.515,0.381
Le Riverain,2.324,1.801,0.538,0.438
Windwurf,2.113,1.305,0.584,0.466
Leading Counsel,1.056,0.607,0.694,0.537
Wollow,1.223,1.518,0.448,0.31
Maelstrom Lake,0,0,0.405,0.242
Connaught,0.968,1.22,0.433,0.296
Son Of Silver,1.245,0.746,0.578,0.418
Kemal,1.221,0.897,0.5,0.365
Piaffer,1.937,1.996,0.494,0.409
Bandmaster,0,0,0.573,0.334
Green Adventure,0,0,0.172,0.062
Runnett,0.594,0.64,0.468,0.322
New Member,0.498,0.454,0.456,0.326
Italic,3.719,1.985,0.641,0.526
Nordance,1.011,0.996,0.532,0.368
Stalker,0.401,0.409,0.471,0.32
Battlement,5.811,3.158,0.955,0.913
Prove It Baby,0,0,0.394,0.25
Trasis Son,2.324,1.693,0.641,0.515
Beau Charmeur,1.25,1.035,0.494,0.366
Pietru,0,0,0.472,0.256
Flash Of Steel,0.894,0.915,0.33,0.195
Konigsstuhl,1.354,0.946,0.515,0.397
Cormorant,2.526,1.652,0.625,0.506
Dalesa,0,0,0.613,0.419
Priamos,2.905,1.326,0.523,0.394
Star Way,0.894,0.468,0.699,0.541
Sky Lawyer,0.968,0.867,0.63,0.455
Rapid Pass,0,0,0.312,0.182
Bulldozer,0.632,0.581,0.409,0.275
Happy New Year,2.324,2.291,0.286,0.237
Abednego,1.139,1.14,0.413,0.301
Turtle Island,0.664,0.68,0.469,0.316
Country Retreat,0,0,0.134,0.018
Ile De Bourbon,0.453,0.392,0.473,0.323
In Fijar,0.253,0.231,0.473,0.315
Good Manners,0,0,0.324,0.209
Satin Wood,2.113,2.05,0.482,0.407
Hill Clown,0,0,0.433,0.376
Ragapan,0,0,0.4,0.267
Spartan General,0.968,0.962,0.42,0.307
Half Iced,0,0,0.125,0.047
Montorselli,1.788,0.862,0.696,0.545
Clever Trick,1.056,0.834,0.421,0.279
Rose Laurel,0.447,0.601,0.384,0.241
Then Again,0.664,0.938,0.447,0.295
Empery,1.529,1.114,0.504,0.39
Lemhi Gold,1.55,0.53,0.697,0.56
High Line,0.741,0.664,0.469,0.319
Emmson,0,0,0.143,0.041
Kashtan,1.125,0.846,0.466,0.33
Saxon Farm,1.162,0.99,0.469,0.344
Kalamoun,0,0,0.224,0.092
Kashmir Ring,1.162,0.455,0.619,0.454
Garde Royale,1.453,0.793,0.632,0.499
Legal Tender,1.291,0.914,0.307,0.239
Persifleur,5.811,2.52,0.833,0.722
Nearly A Hand,0.674,0.713,0.386,0.259
Rakaposhi King,0.553,0.389,0.451,0.306
Nikos,1.056,0.568,0.553,0.388
Mart Lane,0,0,0.378,0.232
Diamond Shoal,0,0,0.25,0.067
Bustiki,0,0,0.324,0.165
Tarqogan,0.337,0.289,0.436,0.318
Weavers Hall,0,0,0.49,0.318
Damsire Unregistered,0.598,0.635,0.402,0.259
Down The Hatch,1.341,1.818,0.378,0.284
Brush Aside,1.023,0.698,0.522,0.379
Black Tie Affair,0.323,0.428,0.396,0.248
,0.726,0.717,0.409,0.324
Crafty Prospector,1.964,1.21,0.623,0.485
Gyr,0,0,0.342,0.142
Nassipour,1.788,0.784,0.508,0.362
Captains Treasure,0,0,0.283,0.18
Noir Et Or,1.162,0.813,0.402,0.273
Turn And Count,0,0,0.398,0.206
Raise A Cup,0,0,0.505,0.321
Plugged Nickle,0.484,0.571,0.378,0.25
Al Hareb,0.924,0.844,0.498,0.345
Pitskelly,0.219,0.247,0.466,0.309
Dragonara Palace,0.894,1.057,0.354,0.257
Verbatim,1.056,0.752,0.583,0.426
Muscatite,2.905,2.312,0.586,0.414
Twenty Four Karat,0,0,0.432,0.27
Riva Ridge,2.324,3.377,0.541,0.386
Sagaro,0.811,0.789,0.47,0.327
Infantry I,0,0,0.376,0.199
Precipice Wood,1.09,0.809,0.463,0.338
Temperence Hill,2.324,1.808,0.75,0.603
Myjinski,0,0,0.33,0.218
Native Rythm,0,0,0.291,0.143
Legal Bid,0,0,0.492,0.269
Tug Of War,0.788,0.618,0.511,0.361
Round Table,1.291,1.718,0.405,0.262
Stop The Music,0.968,0.8,0.479,0.342
Saint Henri,0,0,0.289,0.141
Royal Charter,2.465,1.069,0.659,0.537
Heres,1.056,0.986,0.508,0.378
Ribero,0,0,0.25,0.13
Stradavinsky,0,0,0.12,0.036
Home Guard,1.395,1.58,0.49,0.337
Sukawa,2.583,2.157,0.539,0.476
Welsh Chanter,0.447,0.468,0.443,0.288
Ti King,1.291,0.759,0.534,0.432
Will Somers,0,0,0.024,0.002
Pannier,3.874,2.104,0.333,0.333
Aristocracy,1.351,1.248,0.482,0.365
St Columbus,0,0,0.248,0.113
Mister Majestic,0.726,0.608,0.481,0.336
Satco,1.148,0.858,0.522,0.394
Royal And Regal,0,0,0.336,0.182
Crow,0,0,0.345,0.221
Beau Chapeau,0,0,0.348,0.24
Arts And Letters,1.585,0.97,0.431,0.326
Yawa,1.056,0.728,0.558,0.429
Graustark,0,0,0.329,0.173
Boyne Valley,1.192,0.997,0.605,0.46
Bivouac,0,0,0.219,0.102
Pony Express,0,0,0.437,0.262
Charlaw,1.162,1.731,0.54,0.375
Lir,2.051,1.396,0.518,0.394
R B Chesne,2.817,1.559,0.67,0.537
Luthier,0.811,0.697,0.503,0.366
Air Forbes Won,0,0,0.025,0.002
Semipalatinsk,0,0,0.442,0.27
Goldhill,0.712,0.537,0.485,0.344
Brigadier Gerard,1.263,1.225,0.467,0.331
Dike,0,0,0.235,0.12
Vacarme,1.056,0.611,0.641,0.453
Lashkari,0.96,0.749,0.512,0.353
Malinowski,0.505,0.396,0.442,0.295
Maystreak,0,0,0,0
Cash And Carry,0,0,0.524,0.338
Ercolano,1.291,0.948,0.411,0.298
Flying Saucer,0,0,0.445,0.274
Thowra,0,0,0.063,0.009
Some Hand,0,0,0.423,0.237
Fast Topaze,0.528,0.275,0.464,0.317
Coquelin,0.816,0.708,0.387,0.279
Sunley Builds,0,0,0.356,0.207
No Argument,1.55,0.981,0.492,0.386
No Pass No Sale,1.937,1.664,0.478,0.362
Thatch,0,0,0.488,0.33
Contract Law,0,0,0.424,0.259
Lighter,1.025,1.222,0.402,0.287
Mandamus,1.585,1.275,0.512,0.387
Long Row I,0,0,0.132,0.044
Sayyaf,1.622,1.2,0.607,0.479
Karkour,5.282,1.566,0.739,0.652
Cavan,1.937,0.703,0.605,0.471
Good BondI,3.32,2.011,0.67,0.589
Crooner,1.291,1.747,0.484,0.348
Don Roberto,0.93,0.675,0.501,0.372
Dieu Soleil,0,0,0.395,0.281
Thethingaboutitis,0.968,2.576,0.439,0.264
Mourtazam,0,0,0.614,0.505
Silver Hawk,1.345,0.797,0.54,0.395
Tap On Wood,0.522,0.408,0.465,0.304
Gay Fandango,0.553,0.426,0.615,0.461
Shafoun,0,0,0.459,0.267
Dom Luc,0,0,0.606,0.432
Space King,1.291,0.976,0.453,0.328
Neman,0,0,0.095,0.024
Trojan Fen,0.294,0.312,0.466,0.304
Cantab,1.162,1.328,0.491,0.274
Silly Answer,3.874,4.435,0.333,0.333
Rocket,0,0,0.487,0.256
New Brig,1.484,1.296,0.428,0.318
Torenaga,0.581,0.618,0.437,0.306
Classic Music,1.388,1.142,0.579,0.422
Jukebox,0,0,0.315,0.168
Rustingo,0,0,0,0
Northern Guest,0.968,1.025,0.356,0.233
Tula Rocket,0,0,0.559,0.371
Convolvulus,2.905,6.699,0.25,0.25
K-Battery,3.874,1.892,0.885,0.797
Whistling Deer,1.081,0.944,0.491,0.361
Trenel,0,0,0.517,0.311
Dschingis Khan,0,0,0.364,0.268
Sovereign Dancer,0.553,0.41,0.491,0.31
Camden Town,1.398,1.131,0.515,0.371
Marasali,0,0,0.414,0.256
Valiyar,1.427,1.244,0.412,0.304
Pag-Asa,0,0,0.32,0.157
Top Command,1.453,0.88,0.477,0.317
Mad Captain,0,0,0.236,0.084
Well Decorated,1.076,0.824,0.555,0.398
Caro,1.709,1.302,0.529,0.404
Tall Noble,2.324,1.302,0.598,0.492
Beau Tudor,0,0,0.281,0.123
State Dinner,0,0,0.183,0.168
Jimmy Reppin,1.66,1.271,0.49,0.345
Drumalis,1.011,1.14,0.387,0.285
Little Wolf,1.291,1.418,0.301,0.203
Arapahos,0.484,0.48,0.481,0.316
Teofane,0,0,0.482,0.342
Mummys Game,1.902,1.564,0.578,0.423
Khalkis,0,0,0.723,0.534
Marfa,2.324,1.326,0.599,0.471
Kalyan,1.367,0.854,0.446,0.331
Leading Man,1.66,1.219,0.416,0.306
Sir Tristram,1.66,1.43,0.445,0.336
Giboulee,2.905,1.618,0.702,0.588
Harvest Spirit,0,0,0.427,0.324
Imperial Lantern,0,0,0.551,0.407
Ballinamona Boy,0,0,0.344,0.167
Bon Sang,0,0,0.459,0.321
Regal Classic,1.66,0.871,0.36,0.291
Dixieland Band,0.656,0.616,0.503,0.353
Cutlass,0,0,0.374,0.204
Halyudh,0,0,0.659,0.508
Sheer Grit,1.162,1.155,0.581,0.445
Croghan Hill,0.484,0.439,0.368,0.238
Northern Fashion,0,0,0.078,0.017
Bold Arrangement,0,0,0.359,0.212
Classic Account,0,0,0.378,0.236
Sportin Life,0,0,0.576,0.378
Shiny Tenth,1.453,2.776,0.497,0.297
Tycoon II,1.937,1.034,0.646,0.525
Record Token,0,0,0.16,0.066
Saint Cyrien,1.056,0.837,0.533,0.419
North Stoke,0,0,0.341,0.219
Colmore Row,0.528,0.456,0.587,0.424
Funambule,1.341,0.913,0.474,0.321
Rhodomantade,1.66,1.141,0.407,0.287
Last Fandango,0,0,0.282,0.173
Cawstons Clown,0.447,0.376,0.574,0.422
Air Du Nord,2.905,1.087,0.56,0.469
Toujours Pret,0.505,0.457,0.42,0.292
Kadrou,0,0,0.295,0.181
Carmarthen,0.894,0.748,0.494,0.335
Alkalde,0.83,0.533,0.379,0.286
Known Fact,0.954,0.792,0.507,0.356
Alhijaz,0.423,0.613,0.438,0.273
The Wonder,2.113,1.073,0.418,0.338
Mister Lord,1.384,0.984,0.509,0.37
Lugana Beach,1.627,1.329,0.475,0.341
Relaunch,0.872,0.794,0.527,0.383
New Target,2.113,1.179,0.663,0.553
Cimon,1.453,0.716,0.552,0.431
Phaeton,0,0,0,0
Kris S,1.937,1.182,0.584,0.444
Emperor Jones,2.214,2.278,0.497,0.356
Capote,0.612,0.515,0.518,0.358
Half A Year,0,0,0.296,0.134
Baillamont,0.291,0.283,0.472,0.315
Exorbitant,0,0,0.611,0.423
Solicitor I,0,0,0.452,0.339
Kala Shikari,1.603,1.26,0.579,0.435
Rich Charlie,1.453,0.927,0.451,0.294
A P Indy,1.524,0.88,0.505,0.371
Saratoga Six,0,0,0.386,0.224
Topanoora,0.314,0.25,0.463,0.343
Moorestyle,0.996,1.063,0.402,0.266
Lac Ouimet,1.788,1.224,0.557,0.391
Exceller,1.561,1.217,0.511,0.373
Risk Me,0.624,0.839,0.421,0.276
Proud Clarion,1.291,1.982,0.485,0.303
Torgos,0,0,0.39,0.214
Mon Tresor,0,0,0.302,0.151
Golden Heights,0.465,0.32,0.567,0.407
Charnwood Forest,0,0,0.355,0.193
Prince Daniel,0,0,0.518,0.313
Horst-Herbert,0.332,0.281,0.532,0.368
Diamond Prospect,0.553,0.624,0.371,0.219
Hellios,0,0,0.288,0.146
Rhoman Rule,0.375,0.343,0.413,0.277
Blushing Scribe,0,0,0.318,0.159
Queens Hussar,1.516,1.069,0.606,0.464
Missed Flight,0,0,0.544,0.36
Tender King,1.435,1.398,0.491,0.348
Peterhof,0,0,0.366,0.148
Bakharoff,1.743,1.064,0.502,0.38
Halo,1.143,0.913,0.406,0.281
Cozzene,1.081,0.8,0.479,0.342
Riboboy,0,0,0.315,0.169
River Falls,0.775,0.675,0.523,0.355
Carmelite House,0.872,0.93,0.487,0.331
Esprit Du Nord,1.025,1.013,0.473,0.325
Darn That Alarm,0,0,0.263,0.131
Holy Bull,0.775,0.352,0.589,0.423
Northern Tempest,1.55,1.905,0.559,0.431
Icecapade,1.66,1.153,0.527,0.415
Wild Again,1.905,1.058,0.589,0.456
Bishop Of Cashel,0,0,0.43,0.25
Pistolet Bleu,2.905,1.686,0.661,0.527
Soviet Lad,0.865,0.84,0.511,0.349
Stage Door Johnny,1.125,0.859,0.459,0.316
Houston,1.125,1.295,0.414,0.263
Magical Strike,0.553,0.621,0.462,0.306
Wolverlife,0,0,0.429,0.257
Sayf El Arab,1.067,1.004,0.499,0.348
Gilded Time,0,0,0.351,0.187
Archway,0.91,0.79,0.479,0.323
Procida,0,0,0.498,0.339
Sillery,0,0,0.234,0.104
Good Times,1.236,1.343,0.434,0.301
Deposit Ticket,0,0,0.342,0.164
Tolomeo,0,0,0.322,0.163
Bold Lad,0,0,0.358,0.195
Snow Chief,0,0,0.443,0.22
Dashing Blade,1.223,1.115,0.458,0.313
Masterclass,0.908,0.945,0.502,0.348
Laxton,0,0,0.286,0.179
Eskimo,1.57,1.233,0.549,0.395
Joligeneration,1.056,0.87,0.54,0.362
Natroun,0.894,1.019,0.538,0.348
River Special,0,0,0.411,0.256
Blushing John,0.968,0.892,0.436,0.302
Moulin,0.612,0.458,0.579,0.413
Exit To Nowhere,0.788,0.732,0.492,0.334
Spend A Buck,0.277,0.219,0.459,0.297
Rheingold,0.612,0.323,0.621,0.464
Play On I,3.874,1.875,0.624,0.515
Devils Bag,0.704,0.652,0.434,0.278
Perfect Parade,0,0,0.332,0.146
Dominion Royale,1.937,1.29,0.577,0.445
Sunshine Forever,0.894,0.774,0.519,0.373
Pancho Jay,2.583,1.151,0.79,0.663
Gulch,1.122,1.017,0.459,0.314
Mistertopogigo,0,0,0.411,0.221
Monsun,0.726,0.592,0.49,0.32
Zieten,0.968,0.599,0.479,0.333
Exclusive Native,0.726,0.339,0.521,0.382
Valid Appeal,1.66,1.623,0.637,0.48
Krayyan,1.125,1.261,0.439,0.291
Shakapour,0,0,0.345,0.22
Alydar,0.811,0.691,0.486,0.337
Mystiko,1.179,1.37,0.405,0.283
Reach,0,0,0.298,0.149
Saddlers Hall,0.505,0.466,0.451,0.308
His Majesty,1.09,0.907,0.428,0.3
Fast Play,0,0,0.687,0.514
Take Risks,2.641,1.534,0.592,0.457
Singspiel,1.66,1.369,0.52,0.356
Accordion,0.528,0.558,0.549,0.381
Mister Baileys,0.401,0.384,0.458,0.301
So Blessed,1.427,0.908,0.56,0.432
Monsanto,0.323,0.363,0.396,0.245
Bletchingly,0,0,0.499,0.316
Confidental Talk,3.874,1.294,0.4,0.347
Exbourne,0.75,0.493,0.551,0.386
Mt Livermore,0.277,0.299,0.329,0.199
Bijou DInde,1.162,1.12,0.471,0.313
Balidar,1.66,1.341,0.509,0.383
Thorn Dance,0.646,0.454,0.469,0.295
Project Manager,0.75,0.683,0.496,0.347
Green Tune,1.162,0.742,0.598,0.444
Vaigly Great,0.968,0.903,0.503,0.353
Ascot Knight,1.107,0.782,0.535,0.377
Pleasant Tap,1.614,1.354,0.508,0.356
Hot Spark,1.291,0.684,0.507,0.364
Legal Eagle,0,0,0.343,0.162
Roanoke,0,0,0.446,0.231
Assert,0.921,0.617,0.494,0.352
Fraam,0,0,0.382,0.204
Dodge,2.324,1.672,0.64,0.509
Iron Duke,1.081,1.368,0.432,0.289
Java Gold,0.861,0.586,0.514,0.339
Le Belvedere,0,0,0.692,0.479
Shining Steel,0,0,0.303,0.17
Zayyani,8.716,2.712,0.797,0.768
Faraway Times,0.968,0.637,0.451,0.301
French Friend,0,0,0.547,0.365
Gran Zar,1.788,1.586,0.405,0.276
Sir Harry Lewis,2.113,0.95,0.787,0.697
Reform,1.835,1.42,0.565,0.409
Dom Racine,1.49,1.177,0.543,0.388
Legend Of France,1.5,1.411,0.419,0.297
Southern Halo,1.743,0.942,0.525,0.392
Smarten,1.162,1.416,0.656,0.533
Explodent,0,0,0.262,0.122
Dynaformer,1.328,0.887,0.562,0.412
Pompeii Court,3.874,1.946,0.648,0.544
Manila,0.726,0.546,0.615,0.448
Lode,0,0,0.51,0.31
Summer Squall,0.93,0.834,0.531,0.37
Rodrigo De Triano,1.937,1.785,0.429,0.26
Durgam,0.968,0.923,0.535,0.369
Sassafras,1.55,0.825,0.582,0.447
Marscay,2.905,1.101,0.802,0.672
With Approval,0,0,0.504,0.343
Raise A Man,0,0,0.377,0.177
Blushing Flame,0,0,0.581,0.4
Lesotho,2.905,1.429,0.755,0.601
Solinus,0,0,0.523,0.274
Pleasant Colony,1.768,1.323,0.54,0.394
Gay Mecene,0.792,0.773,0.437,0.295
Wavering Monarch,2.905,0.811,0.832,0.702
Palace Music,0.664,0.772,0.533,0.383
Love The Groom,3.874,1.715,0.581,0.483
Mashhor Dancer,1.291,0.63,0.637,0.471
Runaway Groom,2.905,2.038,0.596,0.485
Mr Leader,2.905,1.833,0.557,0.404
Pine Circle,0.298,0.219,0.37,0.217
Sea Hero,5.811,2.057,0.701,0.625
Neverneyev,0,0,0.286,0.082
Deputed Testamony,3.874,3.458,0.66,0.495
End Sweep,2.682,0.987,0.72,0.574
Nodouble,0.715,0.577,0.551,0.388
Great Regent,1.937,1.568,0.5,0.377
Neshad,0,0,0.519,0.373
Roy,0,0,0.334,0.214
Time For A Change,1.5,1.087,0.626,0.485
Oscar,1.453,1.931,0.504,0.362
Double Form,0,0,0.557,0.358
Alhaarth,0,0,0.206,0.094
Tropular,1.453,1.321,0.645,0.484
El Prado,0,0,0.242,0.092
St Jovite,1.256,0.861,0.538,0.384
Llandaff,0,0,0.454,0.272
Mining,1.125,1.084,0.569,0.424
Search For Gold,0,0,0.575,0.377
Tejano,0.283,0.252,0.518,0.36
Forest Wind,0,0,0.332,0.193
Norton Challenger,0,0,0.347,0.204
Unbridled,0,0,0.762,0.629
Candy Stripes,0,0,0.403,0.221
Shack,0,0,0.393,0.23
No Louder,1.453,0.763,0.423,0.275
Viking,1.423,1.165,0.527,0.382
Mizaaya,0,0,0.542,0.303
Dublin Taxi,1.55,1.759,0.57,0.432
Full Extent,0.484,0.384,0.552,0.376
General Holme,0.43,0.383,0.491,0.313
Rubiano,2.905,1.656,0.679,0.503
Eagle Eyed,1.367,0.984,0.502,0.38
Flying Paster,0.968,1.39,0.38,0.261
Boundary,1.66,1.22,0.598,0.399
Bourbon,1.66,1.336,0.663,0.553
Pot DOr,1.892,1.042,0.469,0.374
Rio Carmelo,0,0,0.316,0.1
Bayolidaan,0,0,0.4,0.256
Paico,1.223,1.384,0.276,0.2
Bonne Noel,0.83,0.571,0.566,0.421
Vacilante,0,0,0.129,0.032
Laniste,1.743,0.794,0.673,0.53
Panoramic I,2.905,2.462,0.723,0.575
Synefos,1.056,1.002,0.537,0.411
Mistigri,1.223,0.976,0.492,0.36
London Gazette,0.684,0.725,0.524,0.336
Bikala,0,0,0.286,0.157
El Conquistador,0,0,0.331,0.229
Comrade In Arms,1.081,0.712,0.473,0.335
Goodland I,1.937,0.921,0.692,0.52
Le Pontet,1.55,0.611,0.51,0.385
Bustineto,0.738,0.746,0.432,0.307
Lord Ha Ha,1.146,0.838,0.431,0.311
Le Nain Jaune,1.107,0.829,0.534,0.386
Carmont,1.55,0.941,0.581,0.472
Boreen,0.809,0.778,0.464,0.328
Balsamo,1.367,1.014,0.543,0.415
Top Dancer I,0,0,0.646,0.503
Master Thatch,1.66,1.105,0.725,0.614
Lute Antique,3.576,2.105,0.603,0.482
Cyborg,2.49,1.246,0.587,0.443
Kashmir II,0,0,0.423,0.288
Nearly A Nose,0,0,0.381,0.234
Lord Chancellor,1.056,0.93,0.521,0.375
Aveiro,1.162,0.655,0.429,0.281
Puma Des Mottes,1.66,0.601,0.538,0.418
Spoleto,2.905,1.318,0.491,0.403
Chamberlin,2.641,2.215,0.513,0.412
Maiymad,0.968,0.733,0.45,0.299
Naiyli,3.486,3.057,0.638,0.51
Armos,2.324,1.427,0.635,0.511
Perspex,3.874,1.064,0.9,0.815
Bargello,0.277,0.296,0.391,0.256
Ermitage,3.874,2.302,0.333,0.333
Danoso,0.968,0.629,0.498,0.412
Carnaval,0,0,0.395,0.192
Realm,1.937,1.679,0.354,0.25
Lorenzaccio,1.788,1.305,0.468,0.352
Latnahc,1.937,1.423,0.39,0.279
Shackleton,3.013,0.878,0.608,0.493
Fortissimo,2.324,3.551,0.328,0.246
Girandole,0.83,0.773,0.59,0.432
Homo Sapien,1.516,1.219,0.458,0.336
Morespeed,0,0,0.642,0.489
Boreen Beag,1.367,1.559,0.398,0.246
Prince Hansel,0.505,0.326,0.553,0.401
Vitiges,1.66,0.885,0.527,0.41
Appiani II,0,0,0.684,0.494
Captain James,1.66,1.25,0.478,0.342
Dancehall,0,0,0.528,0.334
Northern Treat,1.66,1.202,0.494,0.369
My Dad George,0,0,0,0
Bobs Dusty,1.056,0.508,0.645,0.448
Bellman,0,0,0.354,0.23
Trac,1.291,0.718,0.552,0.426
Sharp Victor,2.113,1.455,0.606,0.496
Snuff Matter,2.905,1.476,0.77,0.631
Sonnen Gold,0.505,0.365,0.466,0.309
Oak Ridge,1.162,0.738,0.559,0.409
National Trust I,2.113,1.095,0.587,0.449
Kirtling I,0,0,0.573,0.364
Guadanini,3.874,2.791,0.599,0.551
Pauper,1.252,0.968,0.385,0.268
Brave Invader,0.996,0.923,0.518,0.367
Coronash,1.453,1.882,0.452,0.304
Charlottown,0,0,0.424,0.306
Swans Rock,0,0,0.494,0.324
Useful,0,0,0.506,0.375
Dance Of Life,0.664,0.682,0.499,0.359
Billion,0,0,0.419,0.282
Saher,1.57,1.086,0.431,0.321
Less Ice,2.324,1.099,0.629,0.552
Truely Nureyev,0,0,0.625,0.464
Perouges,0,0,0.733,0.554
Ardoon,0.726,0.518,0.554,0.401
Frigid Aire,1.291,0.826,0.62,0.511
Jefferson,0,0,0.605,0.55
Tekoah,3.486,1.819,0.737,0.594
Silly Season,1.056,1.044,0.503,0.376
Ballymore,1.743,0.974,0.439,0.347
Raja Baba,0,0,0.467,0.304
Town Crier,1.66,1.142,0.501,0.365
Altountash,1.162,1.711,0.319,0.237
Wolver Hollow,0.717,0.561,0.515,0.36
Saumon,1.937,1.466,0.29,0.229
Grand Tresor,1.291,0.751,0.569,0.461
In The Purple,1.291,0.85,0.718,0.541
Step Together I,1.236,0.899,0.452,0.312
Dancing Champ,3.099,1.082,0.652,0.535
Muscovite,3.228,0.81,0.722,0.608
Ballymoss,0.387,0.316,0.465,0.31
Satingo,0,0,0.258,0.108
Montekin,2.075,1.1,0.426,0.336
Arctic Lord,0.989,0.572,0.477,0.363
Silent Screen,2.214,1.441,0.625,0.489
Moshi,2.905,4.959,0.536,0.423
Gaberdine,2.905,1.2,0.565,0.448
Floriferous,0,0,0.301,0.175
Midland Gayle,3.874,3.019,0.544,0.439
Broxted,1.291,0.805,0.508,0.405
Thoreau,5.811,3.699,0.918,0.85
Pamroy,1.55,1.514,0.384,0.302
Molvedo,0,0,0.37,0.206
Hardboy,0.968,0.943,0.356,0.249
Yellow River,0,0,0.238,0.17
Mister Jack,0,0,0,0
Mont Basile,1.835,1.166,0.604,0.451
Frontal,0,0,0.592,0.526
Cataldi,0.646,0.714,0.488,0.341
Mansingh,1.162,0.902,0.519,0.377
Maximilian,0,0,0,0
Belgio,0,0,0,0
National Trust,0.968,0.938,0.208,0.177
Privy Seal,0.83,0.543,0.455,0.337
Amoristic,0.581,0.578,0.393,0.266
Courtroom,5.811,1.018,0.867,0.771
King Persian,2.324,1.577,0.473,0.339
Paseo,0,0,0.312,0.113
Hard Fact,0.968,0.689,0.456,0.355
Good Counsel,0,0,0.685,0.476
Milione,0,0,0.228,0.08
Lagunas,3.374,1.609,0.701,0.563
Young Man I,1.453,1.272,0.171,0.133
Script Ohio,0,0,0.346,0.2
Roi Guillaume,3.537,1.555,0.655,0.571
Three Wishes I,0,0,0.275,0.153
Invited,0.894,1.013,0.387,0.262
Andy Rew,0,0,0.455,0.414
Bojador,0,0,0.688,0.473
Grange Melody,0,0,0.766,0.623
Kashneb,5.811,2.86,0.562,0.516
Highland Chieftain,9.297,2.195,0.911,0.862
Heavenly Manna,0.363,0.322,0.514,0.407
Lazer,1.66,1.314,0.711,0.537
Calicot,0,0,0.157,0.062
Levanter,2.49,1.927,0.583,0.471
Miami Springs,1.09,1.121,0.448,0.296
Lucky Brief,1.223,0.966,0.557,0.406
Double Bed,0,0,0.476,0.307
Silver Rainbow,1.937,1.504,0.607,0.494
Lionel II,0,0,0.629,0.423
Fidel,0.314,0.295,0.467,0.317
Montevideo II,0,0,0.519,0.412
El Badr,2.214,1.148,0.529,0.411
The Brianstan,2.324,1.08,0.598,0.496
Riberetto,0,0,0.303,0.158
Glacial Storm,1.291,0.86,0.531,0.375
Push On,3.032,1.443,0.469,0.386
Take A Reef,0.646,0.618,0.44,0.308
Native Guile,0,0,0.262,0.173
Long Pond,0.83,0.725,0.482,0.333
Condorcet,0.942,0.789,0.479,0.373
DArras,0,0,0,0
Cache Of Gold,0,0,0.267,0.149
Nice Havrais,1.937,0.651,0.777,0.645
Tourangeau,0.528,0.22,0.507,0.376
Sicyos,0.612,0.462,0.495,0.386
Arratos,5.811,1.538,0.886,0.807
Prince Bee,2.905,1.677,0.563,0.461
Barbotan,0,0,0.256,0.132
Impecunious,2.905,3.169,0.384,0.288
Tale Quale,1.328,0.914,0.571,0.429
Diaghilev,0,0,0.157,0.058
Crowned Prince,1.453,0.977,0.464,0.339
Sula Bula,0.775,1.799,0.186,0.115
Celio Rufo,0.792,0.603,0.44,0.304
Darantus,0.894,0.558,0.432,0.297
Riverquest,5.811,1.36,0.729,0.648
Count Ivor,0,0,0.345,0.285
Bay Comeau,0,0,0.318,0.202
Buckley,0.277,0.365,0.441,0.292
Osiris,0,0,0.143,0.02
Royal Match,1.107,0.979,0.466,0.33
Pablond,0,0,0.214,0.104
Healaugh Fox,0,0,0,0
Weatherbird,0,0,0,0
Deep Roots,2.324,1.947,0.35,0.312
Sarpedon I,0.646,0.713,0.528,0.37
Deerhound,1.937,1.455,0.382,0.272
Passing Sale,3.874,1.537,0.733,0.608
Le Coq DOr,0.283,0.315,0.383,0.234
Hotfoot I,0.408,0.461,0.4,0.251
Pitcairn,3.874,1.016,0.897,0.812
Cheval,0.517,0.542,0.404,0.259
Spare A Dime,4.981,3.766,0.79,0.667
Goldneyev,2.051,1.922,0.536,0.389
Maalem,2.324,0.691,0.645,0.514
Orchardist,0,0,0.436,0.272
Merrymount,1.291,1.229,0.441,0.303
Agent Bleu,0,0,0.371,0.243
Rhapsodien,1.291,0.58,0.612,0.45
Roaring Riva,0,0,0.333,0.111
Hamster,0,0,0.691,0.484
Park Romeo,0,0,0.077,0.006
All Systems Go,0,0,0.667,0.472
Tamerlane,1.453,1.32,0.515,0.391
Baly Rockette,1.788,0.818,0.593,0.498
Persian Mews,2.051,1.167,0.587,0.47
Ardar,0,0,0.337,0.211
Village Star,2.324,1.497,0.605,0.481
Hello Gorgeous,0.861,0.823,0.499,0.341
Domitor,0,0,0,0
Capricorn Line,0.758,0.808,0.447,0.287
Radical,1.223,0.781,0.616,0.481
Uncle Pokey,2.583,1.293,0.702,0.541
Hold Your Peace,0,0,0.398,0.259
Creag-An-Sgor,0,0,0.15,0.034
Foggy Bell,0,0,0.476,0.303
Saber Thrust,0,0,0.667,0.444
Go And Go,3.058,1.562,0.771,0.648
Saint Estephe,1.056,0.845,0.586,0.423
Ghazi,0,0,0.509,0.339
Alydeed,0,0,0.454,0.278
Smackover,0.298,0.382,0.323,0.211
Caller I D ,0,0,0.559,0.405
Majestic Light,0.75,0.865,0.388,0.245
Pivotal,1.291,1.644,0.476,0.326
Critique I,0,0,0.428,0.232
Earl Of Barking,3.874,4.621,0.45,0.382
Gallapiat,0,0,0.419,0.224
Flash N Thunder,0,0,0.444,0.204
Marignan,2.641,1.647,0.623,0.494
Turgeon,1.453,0.911,0.668,0.534
Insan,1.179,1.021,0.562,0.393
Tilt The Stars,0,0,0,0
Silver Ghost,0,0,0.213,0.052
John De Coombe,0,0,0.278,0.158
Lichine,0.465,0.464,0.434,0.299
Who Knows I,1.66,0.713,0.449,0.379
Baldhu Cavalier,0,0,0.086,0.008
Northern Flagship,0,0,0.322,0.185
Luge,0,0,0.372,0.189
Restless Native,0.646,0.421,0.6,0.415
Feenpark,0,0,0.481,0.281
Bin Ajwaad,2.49,1.831,0.614,0.49
Carson City,0.75,0.832,0.361,0.195
Bonny Scot,0,0,0.426,0.236
Esclavo,0,0,0.43,0.292
Spectrum,0.628,0.655,0.416,0.249
Birthright II,0,0,0.483,0.345
The Quiet Man I,0,0,0.682,0.495
Amen,2.324,1.074,0.63,0.508
Flatbush,1.937,0.899,0.511,0.34
Heros Honor,0,0,0.547,0.364
Royal Blend I,0,0,0.234,0.097
Norcliffe,0,0,0.633,0.517
Regular Guy,0,0,0.257,0.172
Eurobus,1.056,1.608,0.467,0.35
Ben Novus,0,0,0.387,0.299
Vital Season,0,0,0.52,0.328
Cougar,0,0,0.268,0.124
Wittgenstein,0,0,0.286,0.159
Margouillat,3.169,2.351,0.429,0.36
Balios,0,0,0,0
Teamwork I,5.811,5.368,0.778,0.654
Jimsun I,1.453,0.828,0.531,0.44
Brianston Zipper,0,0,0.233,0.118
Le Correzien II,1.66,1.701,0.345,0.258
Bing II,0.726,0.554,0.468,0.328
Distinctly,0,0,0.45,0.205
Night And Day,0,0,0.589,0.373
He Loves Me,0.528,0.376,0.514,0.347
Czaravich,0,0,0.288,0.173
Matahawk,2.767,1.03,0.558,0.433
Blockhaus,0,0,0.508,0.389
Prince Melchior I,0,0,0.353,0.125
Welsh Term,2.447,1.325,0.724,0.63
Jurado,0,0,0.23,0.119
Newski,0,0,0.436,0.217
Meadowbrook,0,0,0.491,0.329
Naskra,0,0,0.498,0.39
Whittingham,1.395,1.101,0.498,0.355
Crimson Beau,1.367,1.206,0.524,0.361
Silver Deputy,0,0,0.245,0.102
Maledetto,0,0,0.308,0.142
Merdon Melody,0,0,0.422,0.234
Superbity,2.905,1.721,0.695,0.561
Gem Master,0,0,0.058,0.006
Notebook,0.528,0.339,0.507,0.369
Revoque,4.649,3.673,0.642,0.546
Alomas Ruler,2.324,3.765,0.487,0.347
Skip Trial,0,0,0.367,0.157
Longleat,6.641,1.857,0.714,0.633
Mansooj,0.342,0.382,0.465,0.305
Crackao,1.162,1.111,0.39,0.265
Homeboy,1.056,1.21,0.509,0.333
My Gallant,1.55,1.592,0.525,0.352
Dhausli,2.324,3.119,0.421,0.341
Eborneezer,0,0,0.09,0.048
Abdonski,1.937,0.54,0.428,0.376
Record Run,1.66,1.575,0.629,0.45
Whistlefield,1.056,1.11,0.395,0.286
Sandalay,0.894,0.501,0.532,0.423
Aylesfield,1.056,0.905,0.469,0.309
Fin Bon,3.228,1.51,0.522,0.414
IndiaroI,1.223,1.137,0.526,0.401
Gaspard De La Nuit,0,0,0.329,0.171
Caramo,3.32,0.966,0.563,0.427
Veloso,0,0,0.344,0.238
Church Parade,0,0,0.533,0.426
Direct Flight,2.324,1.16,0.696,0.616
Golden Act,1.453,1.414,0.521,0.388
Ragstone,0,0,0.717,0.529
Moscow Society,0.375,0.394,0.479,0.291
Rugantino,1.162,1.048,0.595,0.443
Andretti I,1.09,1.068,0.425,0.299
Candy Cane,0.894,0.864,0.398,0.269
Arcticeelagh,1.66,0.738,0.597,0.482
Olantengy,4.981,1.795,0.667,0.627
Royalty,1.056,0.788,0.471,0.359
Heraldiste,0,0,0.365,0.213
Crawter,0,0,0,0
Lucifer,1.245,0.761,0.558,0.418
Capitano,4.358,1.287,0.625,0.546
London Bells,0,0,0.237,0.137
Annes Pretender,0,0,0,0
Yankee Gold,1.162,1.026,0.563,0.414
Soughaan,1.453,1.003,0.48,0.384
Fioravanti,0,0,0.354,0.189
Dakota,1.107,0.516,0.517,0.374
King Sitric,0,0,0.472,0.319
Status Seeker,1.056,1.133,0.331,0.248
Malicious,0,0,0.562,0.444
Roman Warrior,0.726,0.504,0.385,0.31
Tarboosh,1.291,1.013,0.515,0.364
River Beauty I,1.66,0.765,0.606,0.473
Shaab,1.162,0.933,0.517,0.36
Dauphin Du Bourg,0,0,0.642,0.453
Clearly Bust,0.775,0.844,0.475,0.31
Kamiros,0,0,0.365,0.172
Saint Denys,1.835,1.241,0.448,0.362
North Summit,0,0,0.583,0.419
Royal Buck,1.453,0.721,0.543,0.426
Kastet,3.874,7.361,0.717,0.574
Pedege,0,0,0.75,0.585
Whistling Top,1.937,1.22,0.528,0.408
Castle Guard,0,0,0.312,0.133
Jester,1.66,2.303,0.186,0.148
Kinglet,0.861,0.623,0.395,0.294
Kautokeino,0,0,0.427,0.241
Fury Royal,0,0,0.21,0.076
Perrault,2.905,1.895,0.489,0.399
Red God,2.324,1.682,0.41,0.378
Sousa,0,0,0.167,0.082
Silly Prices,1.367,0.804,0.66,0.497
Alto Volante I,1.937,2.07,0.359,0.294
Fitzpatrick,0,0,0.634,0.465
Safawan,0,0,0.224,0.101
Cut Above,0.447,0.538,0.505,0.35
Combine Harvester,1.056,1.005,0.312,0.186
Baragoi,0,0,0.585,0.439
Virginia Privateer,0,0,0,0
Birdbrook,1.291,0.881,0.646,0.49
Majestic Maharaj,0.775,0.427,0.491,0.38
Lord Ballina,0,0,0,0
Northjet,0,0,0.611,0.442
Windjammer,0.401,0.495,0.392,0.254
Takachiho,0,0,0.04,0.008
Battle-Waggon,1.453,1.205,0.618,0.475
Immer,2.905,0.745,0.472,0.394
David Jack,0,0,0.32,0.18
Blue Razor,0,0,0.153,0.034
Chaparral,1.162,0.794,0.387,0.289
Un Desperado,0.283,0.331,0.4,0.245
Flair Path,0,0,0.48,0.299
Porto Bello,0.581,0.741,0.522,0.35
Class Distinction,0,0,0.364,0.264
Pals Passage,0,0,0.342,0.169
Minster Son,0,0,0.307,0.137
Makbul,0,0,0.464,0.222
Spectacular Bid,0.581,0.569,0.392,0.288
Profit Key,0,0,0.294,0.156
Greinton,1.056,1.686,0.454,0.3
Clay Hero,0,0,0.476,0.243
Northern Prospect,0,0,0.302,0.155
Fly So Free,0.646,0.615,0.369,0.228
Shelter Half,0,0,0.436,0.289
Northern Park,0,0,0.412,0.248
Another Realm,0.553,0.541,0.493,0.327
Monsagem,5.811,8.75,0.889,0.802
Distinctive,0.968,0.791,0.523,0.355
Faliraki,0,0,0.107,0.018
Private Terms,0.83,0.771,0.432,0.305
Desse Zenny,0.775,0.589,0.513,0.319
Barachois,0,0,0.219,0.1
Fit To Fight,0,0,0.396,0.249
Lucky Guest,1.291,2.696,0.565,0.42
Olympio,0,0,0.574,0.396
Southern Arrow,6.973,4.804,0.843,0.763
Sir Gaylord,1.291,3.327,0.354,0.228
Sky Classic,1.453,1.584,0.5,0.355
Diu Star,4.649,1.796,0.833,0.745
Willow Hour,1.011,0.987,0.432,0.274
Gay Meadow,0,0,0.478,0.321
Ashkalani,0,0,0.317,0.24
Exclusive Era,1.395,1.202,0.469,0.316
Give Me Strength,1.291,1.118,0.49,0.337
Hollow Hand,0.894,0.757,0.536,0.38
Adonijah I,0.363,0.448,0.476,0.29
Starry Night,3.169,0.961,0.691,0.609
Cortez,1.66,1.092,0.523,0.416
Chati,0,0,0.399,0.291
Fijar Tango,0,0,0.318,0.173
Morning Bob,0,0,0.5,0.335
Pamponi,2.179,1.281,0.479,0.394
Sarhoob,0,0,0.44,0.237
Best By Test,5.811,9.512,0.667,0.556
Labus,1.55,0.87,0.537,0.423
Little Brown Jug,7.748,5.235,0.842,0.81
Sirano,0,0,0.38,0.22
Balla Cove,1.367,1.45,0.377,0.249
Cap Martin,1.516,1.028,0.615,0.487
Shecky Greene,0,0,0.261,0.068
John French,0,0,0.314,0.178
Kylian,0,0,0.741,0.559
Sir Brink,0,0,0.619,0.412
Hansels Nephew,0,0,0.506,0.262
Exdirectory,0,0,0.644,0.515
Rivelago,0,0,0.541,0.376
Dawn Review,0,0,0.285,0.196
Farnesio,0,0,0.549,0.351
Derek H,0.581,1.767,0.357,0.22
Dance Spell,0,0,0.174,0.046
Magwal,3.576,2.683,0.775,0.641
Point North,0,0,0.416,0.187
Island Whirl,0,0,0.473,0.279
Blazing Saddles,0,0,0.173,0.039
Best Turn,0,0,0.125,0.016
Jolie Jo,1.162,0.792,0.47,0.312
Epervier Bleu,1.937,0.938,0.467,0.357
Athenagoras,1.367,1.142,0.59,0.437
Peacock,0,0,0.41,0.277
Erins Isle,2.051,1.532,0.548,0.4
North Col,0,0,0.094,0.03
Polyfoto,1.223,0.752,0.549,0.424
Racing Is Fun,1.66,0.89,0.655,0.49
Baby Turk,0.323,0.375,0.495,0.351
African Sky I,0,0,0.471,0.305
Mountain Cat,0,0,0.417,0.181
Hot Grove,0,0,0.266,0.124
Mr Fluorocarbon,0,0,0.261,0.107
Chaddleworth,0,0,0.132,0.046
Brogan,0,0,0.292,0.106
Librate,0,0,0.175,0.06
Royben,0.968,0.928,0.634,0.47
Chief Honcho,1.937,1.402,0.691,0.536
Vigors,0,0,0.28,0.129
Petingo,0,0,0.038,0.003
Woods Of Windsor,0,0,0.384,0.218
Silver Season,2.324,1.796,0.556,0.433
Tidaro,2.404,2.005,0.548,0.401
Eastern Echo,0,0,0.472,0.334
Vorias,1.107,0.753,0.435,0.297
Leander,0,0,0.163,0.059
Cavo Doro,0.465,0.475,0.55,0.387
Bluffer,0,0,0.308,0.095
Stone,2.324,0.909,0.505,0.436
Sun Prince,0,0,0.54,0.396
Bold Bidder,0,0,0.418,0.247
Magesterial,0,0,0.352,0.161
Linkage,4.842,2.498,0.734,0.677
Great Commotion,0,0,0.347,0.169
Motley,2.49,1.373,0.72,0.571
Ice Reef,0,0,0.643,0.481
Imperial Ballet,0,0,0.33,0.186
Magic Mirror I,1.722,1.614,0.654,0.503
Imperial Falcon,0,0,0.393,0.202
Bucksplasher,1.056,0.643,0.549,0.353
What A Pleasure,0,0,0,0
Saint Ballado,5.811,4.371,0.773,0.649
Line In The Sand,2.905,3.073,0.45,0.33
Baynoun,1.66,0.64,0.665,0.512
North Briton,0,0,0.291,0.145
Academy Award,1.291,0.535,0.635,0.506
Broad Brush,0.83,0.623,0.522,0.395
Habat,0.465,0.515,0.404,0.24
Antheus,2.583,1.017,0.552,0.464
Forli,0.553,0.517,0.441,0.298
The Noble Player,0.342,0.507,0.395,0.242
Proud Truth,2.682,1.26,0.707,0.587
Tarim,2.324,0.734,0.721,0.573
Tri Jet,0,0,0,0
Nasty And Bold,0.646,0.784,0.34,0.21
Lost Code,0,0,0.757,0.608
Silver Buck,3.874,4.625,0.7,0.537
Taylors Falls,0,0,0.664,0.506
Muhtarram,0,0,0.39,0.224
J O Tobin,1.291,1.048,0.5,0.353
Louis Quatorze,0,0,0.385,0.148
Farfelu,0,0,0.091,0.021
Al Mufti,0,0,0.64,0.462
Somethingfabulous,0,0,0.197,0.056
Citidancer,0,0,0.592,0.367
Vettori,3.32,1.583,0.794,0.664
Slew City Slew,0,0,0.465,0.317
Salt Lake,1.937,1.03,0.514,0.395
Mendez,0,0,0.22,0.125
One For All,0.93,0.833,0.46,0.293
Jubilee Wine,0,0,0.429,0.286
Derring-Do,0,0,0.383,0.241
Taj Dewan,0,0,0,0
King Of Macedon,0,0,0.19,0.109
Dixieland,0,0,0.589,0.381
Anax,0,0,0.462,0.336
Hoist The Flag,0,0,0.233,0.163
Jolly Me,0,0,0.141,0.043
St Paddy,3.874,3.351,0.877,0.778
Germany,0,0,0.615,0.379
Talinum,0,0,0.249,0.102
My Generation,0.968,0.564,0.584,0.428
Meneval,0.942,0.902,0.517,0.36
Azimut,0,0,0.431,0.261
Bustomi,1.788,1.763,0.55,0.43
Royal Captive,0,0,0.54,0.396
Gay Minstrel,0,0,0.443,0.234
Pago Pago,1.937,0.93,0.613,0.424
River Mist,0,0,0.062,0.008
Stately Don,0.415,0.262,0.51,0.393
Yours,0,0,0.383,0.279
Highlanders,1.291,0.566,0.588,0.434
DAccord,2.051,1.204,0.499,0.39
Pee Mai,0,0,0.409,0.254
Trojan Fort,0,0,0.482,0.277
Darby Creek Road,0,0,0.184,0.07
Gleam Machine,0,0,0.114,0.039
Properantes,3.874,2.045,0.593,0.535
Wishing Star I,0,0,0.312,0.174
Rhett Butler,0,0,0,0
Rashar,1.66,1.561,0.581,0.435
Dress Parade,0,0,0.739,0.559
Bedford,0,0,0.459,0.326
Jupiter Island,0,0,0.379,0.228
Chauve Souris,0,0,0.203,0.079
Factual I,0,0,0.394,0.217
Almoojid,0,0,0.593,0.408
Digression,0,0,0.236,0.103
Polish Navy,0.465,0.562,0.496,0.337
Sir Lark,0,0,0.481,0.345
Ra Nova,0,0,0.533,0.315
Bowling Pin,0,0,0.387,0.213
Skymaster I,0,0,0.575,0.368
Hasdrubal,0,0,0.504,0.275
Scottish Rifle,5.811,2.632,0.55,0.51
Euphemism,0,0,0.348,0.21
Polar Jinks,0,0,0.048,0.005
Thunder Gulch,1.107,0.704,0.59,0.439
Bobs Return,0,0,0.338,0.175
Lightning Dealer,0,0,0.459,0.279
Sandy Creek,0,0,0.51,0.328
Crowning Honors,0,0,0.39,0.247
Sharpman,0,0,0.173,0.051
Pirates Bounty,0,0,0.399,0.287
Brustolon,4.358,2.208,0.839,0.746
Lando,0,0,0.423,0.217
Celtic Swing,0,0,0.119,0.043
Muddy Blues,0,0,0.372,0.178
Linacre,0.646,0.544,0.441,0.304
Marquetry,2.113,1.77,0.502,0.351
Fearless Action,2.324,1.602,0.609,0.514
Quisling,0,0,0.728,0.593
Legal Circles,0,0,0.258,0.067
Canadian Winter,0,0,0.514,0.415
Kedellic,0,0,0.448,0.294
Chateau Du Diable,0,0,0.76,0.588
Dancing Spree,0,0,0.182,0.066
Kouban,0,0,0.414,0.343
Rowlandson,0,0,0.267,0.142
Sharken,0,0,0.208,0.087
Fairbairn,1.66,0.985,0.554,0.398
Midsummer Night II,2.905,1.394,0.586,0.499
Mulhollande,1.937,1.808,0.619,0.49
Grandchant,0,0,0.482,0.301
Kings Leap,0,0,0.216,0.13
Noble Cake,0,0,0.188,0.07
High Season,0,0,0.281,0.199
Caracolero,0,0,0.394,0.218
Touch Paper,1.835,1.131,0.54,0.453
Hubbly Bubbly,0,0,0.233,0.109
Video Rock,0,0,0.514,0.352
Glasgow Central I,0,0,0.045,0.008
Farabi,4.649,1.767,0.735,0.681
Harwell,0,0,0.167,0.083
Art Francais,0,0,0.5,0.25
Beau Sher,0,0,0.582,0.365
Stubbs Gazette,0,0,0.439,0.219
Fast Enough I,0,0,0.214,0.091
Mister Sic Top,0,0,0.376,0.254
Energist,0,0,0.221,0.08
Quiet Fling,1.788,0.947,0.68,0.53
Prince De Galles I,0,0,0.201,0.081
Manacle,5.811,11.617,0.65,0.545
Rupert Bear I,0,0,0.367,0.211
Malaspina,0,0,0.583,0.34
Royal Highway,0.968,1.125,0.462,0.342
Normandy,0.726,0.727,0.516,0.377
Galaxy Libra,3.874,1.41,0.859,0.757
Fill My Hopes,0,0,0.196,0.06
Hennessy,0.646,0.718,0.407,0.267
Workboy I,1.453,1.905,0.44,0.324
Man In The Moon,0,0,0.44,0.245
Egg Toss,1.937,1.729,0.66,0.483
Green God,3.228,1.681,0.711,0.597
Tumble Gold,0.387,0.483,0.433,0.291
Big Shuffle,0.43,0.437,0.455,0.303
Five Star Camp,0,0,0.083,0.014
Mon Fils,0,0,0.342,0.234
Lucky Mickmooch,0,0,0.633,0.437
Local Talent,0,0,0.244,0.101
Sunnys Halo,0,0,0.567,0.323
Balliol I,1.291,1.253,0.464,0.309
Telsmoss,1.056,0.933,0.47,0.316
Adbass,0,0,0.408,0.233
Marktingo,2.583,1.869,0.556,0.42
Avatar,0,0,0.235,0.086
Shantung,0,0,0.071,0.01
Steinlen,3.874,3.254,0.694,0.586
Tauchsport,0,0,0,0
Crested Lark,0.83,1.188,0.35,0.175
Danehill Dancer,4.282,2.02,0.803,0.69
Iris Noir,0,0,0.157,0.087
Party Mink,2.324,2.122,0.379,0.361
Lombard,1.66,0.934,0.516,0.398
Ascertain I,2.905,2.129,0.55,0.43
Bates Motel,1.66,0.813,0.422,0.309
Hard To Beat,3.874,3,0.886,0.792
Hail The Pirates,0.894,0.965,0.441,0.308
Glitterman,0,0,0.9,0.81
Victory Piper,0,0,0.318,0.113
Its Freezing,1.291,0.85,0.608,0.454
Believe It,1.937,0.834,0.723,0.608
Equalize,0,0,0.111,0.025
Gold Legend,0,0,0.679,0.47
Goldmark,0,0,0.318,0.153
Joshua I,0,0,0.625,0.421
Pentelicus,0,0,0.449,0.299
Fort Wood,0,0,0.533,0.318
Entrepreneur,0,0,0.142,0.04
Parade Marshal,0,0,0.466,0.241
Twig Moss,0,0,0.499,0.316
Khozaam,0,0,0.237,0.076
Kaytu,2.113,1.714,0.578,0.493
Reliance II,3.874,1.224,0.803,0.67
Sanhedrin,2.113,1.361,0.501,0.389
Spanish Place,1.056,0.656,0.534,0.376
River Knight,0,0,0.348,0.183
Colonel Godfrey,0,0,0,0
Valdez,0,0,0.042,0.005
Eric I,0,0,0.47,0.259
Pilgrim,6.973,2.897,0.87,0.785
Faunus,2.905,2.165,0.443,0.331
Friends Choice,0,0,0.241,0.086
Black Beauty I,2.905,0.656,0.712,0.676
Accipiter,0,0,0.383,0.266
Decies,1.291,0.931,0.545,0.463
No Lute,0,0,0.69,0.477
Porto Rafti,0,0,0.314,0.226
Claude Monet,0,0,0.222,0.148
Arctic Kanda,0,0,0,0
Teekay,0,0,0,0
Sergeant Drummer,0,0,0.125,0.016
Manado,0,0,0.553,0.411
Fire Of Life,0,0,0.324,0.162
Raise A Native,0.612,0.639,0.493,0.322
Respect,0,0,0.456,0.256
Kayf Tara,0,0,0.435,0.255
Afzal,0,0,0.296,0.114
Tudor Flame,0,0,0.198,0.074
Tunerup,0,0,0.324,0.166
Roi De Perse II,0,0,0.312,0.168
Kaapstad,0,0,0.45,0.317
Saritamer,0.968,0.915,0.414,0.247
Sissoo,0,0,0,0
Fourstars Allstar,0,0,0.527,0.309
Rubor,1.291,0.845,0.498,0.381
Raise You Ten,0,0,0.38,0.233
General David,1.66,1.995,0.38,0.229
Matching Pair,0,0,0.277,0.174
Rolling Bowl,0.83,0.493,0.549,0.472
Trebrook,0.968,0.876,0.366,0.274
Somalia,3.32,1.251,0.774,0.645
Nadjar,0.447,0.491,0.427,0.265
Desert Wine,0,0,0.346,0.161
Kaiseradler,0,0,0,0
Delamain,0,0,0,0
Bakst,0,0,0,0
Slim Jim,0,0,0,0
Meldrum,0,0,0.559,0.379
Majestic Streak,0,0,0.036,0.007
Free State,0,0,0,0
Flying Tyke,0,0,0.8,0.64
Beaufort Sea,2.905,1.367,0.517,0.409
Humdoleila,0,0,0.278,0.154
Family Doctor,0,0,0.492,0.37
Lucky Guy I,0,0,0.717,0.558
Dock Leaf,0.894,0.966,0.505,0.342
White Muzzle,0,0,0.379,0.144
Gleason II,0,0,0.329,0.22
Owen Anthony,0,0,0.341,0.248
Vice Regal,0,0,0.375,0.23
Vicomte,0,0,0.592,0.392
Pentathlon,0,0,0.398,0.26
Montevideo,1.453,1.132,0.501,0.367
St Puckle,0,0,0.875,0.766
Super Splash,1.937,1.764,0.575,0.43
Simbir,0,0,0.53,0.39
Argument,0,0,0.716,0.533
Aglojo,11.621,17,1,1
Sir Sian,2.905,0.747,0.5,0.414
Theatrical Charmer,4.226,3.602,0.67,0.553
Aspros,0,0,0.578,0.431
Mr Cockatoo,0,0,0.322,0.17
Knesset,0,0,0.148,0.06
Charmer,1.937,2.128,0.463,0.324
Blue Refrain,0,0,0.369,0.217
Royal Trip,2.905,3.816,0.329,0.278
Another River,0,0,0.566,0.324
Andrea Mantegna,0,0,0.769,0.592
Yukon Eric,0,0,0,0
Baby Bid,4.649,2.65,0.4,0.4
Beauvallon,2.324,3.042,0.645,0.462
Omen,1.937,0.968,0.591,0.446
Cisto,0,0,0,0
Le Glorieux,0,0,0.218,0.069
Sweet Monday,1.66,1.491,0.364,0.275
Dry Dock,2.051,1.72,0.631,0.459
Tapioca II,3.874,5.323,0.467,0.387
Barbarolli,0,0,0.346,0.176
Double-U-Jay,0,0,0.429,0.367
Monteverdi,0,0,0.933,0.871
Swing Easy,0.83,0.856,0.461,0.324
Architect I,0,0,0.825,0.692
Hubble Bubble,1.937,0.762,0.671,0.497
Royal Gunner,0,0,0.188,0.07
Rahotep I,0,0,0.15,0.09
Gold Crest,0,0,0.182,0.099
Quality Fair,2.324,2.759,0.451,0.369
Keren,0,0,0.626,0.451
Ribston,0,0,0.4,0.16
Certingo,0,0,0,0
Zambrano,1.162,0.847,0.684,0.592
Ovac,0.581,0.561,0.443,0.292
Hills Forecast,11.621,4.5,1,1
Velvet Prince,2.324,1.92,0.635,0.519
Peacock I,0.553,0.502,0.461,0.34
Be Friendly,0,0,0.167,0.111
Wolf Power,0,0,0.262,0.08
Guillaume Tell,2.905,4.082,0.475,0.352
Farhaan,0.375,0.411,0.396,0.236
Golden Fleece,0,0,0.077,0.024
Jarraar,2.583,2.1,0.568,0.395
Rons Victory,1.192,0.895,0.518,0.366
Prince Of Birds,3.874,6.437,0.407,0.35
Casteddu,1.788,0.913,0.598,0.468
Smartset,1.453,0.63,0.693,0.502
Magnate,11.621,9,1,1
Treboro,4.649,2.783,0.748,0.664
Gallant Knight,0,0,0.575,0.334
Acaroid,0,0,0.516,0.348
Polish Numbers,1.162,1.29,0.423,0.279
Badger Land,0,0,0.307,0.101
Urbain Minotiere,0,0,0.286,0.082
Florida Son,0,0,0.561,0.352
Anatas,0,0,0.807,0.654
Never Got A Chance,0,0,0.722,0.522
Langton Heath,0,0,0.367,0.217
French Vine,0,0,0,0
Im A Star,0,0,0,0
Abary,0,0,0.778,0.605
Spring To Mind,0,0,0.263,0.139
Pepenador,0,0,0.174,0.033
Luskin Star,0,0,0.516,0.329
Martin John,1.056,1.093,0.38,0.265
Exodal,0,0,0.36,0.204
Loup Solitaire,2.905,1.271,0.653,0.575
Doc Marten,0,0,0.497,0.318
Quiet American,2.324,1.282,0.719,0.58
Cosmonaut,0,0,0.354,0.188
Running Steps,0,0,0.34,0.155
Big Spruce,5.165,2.452,0.653,0.558
Huguenot,0,0,0.403,0.229
Travelling Victor,0,0,0.765,0.585
Unblest,0,0,0.169,0.039
Kings Island,0,0,0.297,0.123
Advocator,1.291,0.737,0.429,0.351
Paveh Star,0,0,0.523,0.294
Inzar,0,0,0.345,0.164
Dare And Go,1.937,1.284,0.673,0.503
Storm Creek,5.811,1.031,0.833,0.722
Desert Splendour,1.66,3.017,0.409,0.285
Franc Ryk,1.162,0.541,0.602,0.483
Sharp Charter,0,0,0.446,0.28
Dotsero,0,0,0.819,0.681
Paean,0,0,0.648,0.464
Premiership,0,0,0,0
Top Star,0,0,0.465,0.289
Prominer,0.726,0.6,0.548,0.415
Oakland,0,0,0.284,0.173
Arctic Slave,1.66,0.799,0.388,0.274
Carlburg,1.55,1.088,0.495,0.344
King Luthier,0,0,0.381,0.208
Colombian Friend,0,0,0.778,0.606
Mcindoe,11.621,4.5,1,1
Solford,0.684,0.349,0.468,0.362
Starch Reduced,1.056,1.072,0.501,0.337
Mugatpura,0.646,0.6,0.451,0.334
Tiffauges,0,0,0.408,0.255
Liberated,2.324,0.637,0.83,0.703
News Item,0,0,0,0
Carvin II,0,0,0.278,0.154
Mycropolis,0,0,0,0
Pimpernels Tune,0,0,0.487,0.361
The Judge,0,0,0.438,0.191
Buzzards Bay,0,0,0.5,0.25
Princely Native,0,0,0.358,0.193
The Malster,0,0,0.444,0.395
Batonnier,0,0,0.643,0.413
Touch Of Grey,0,0,0.091,0.025
Warcraft I,0,0,0.6,0.417
Rock Chanteur,1.162,0.904,0.541,0.383
Sweet Revenge,0,0,0.941,0.886
Trombone,0,0,0.529,0.28
Rabdan I,0,0,0.235,0.055
Otehi Bay,0,0,0.121,0.015
Coliseum I,0,0,0,0
Distinct Native,0,0,0.302,0.104
Modern Dancer,0,0,0.436,0.239
Omnicorp,3.874,2.353,0.807,0.684
Quain,0,0,0.133,0.053
Lucky Look,0,0,0.624,0.496
Crozier,0,0,0.37,0.222
Abutammam,0,0,0.133,0.053
Trigon,0,0,0.25,0.125
Whitstead,0,0,0,0
Mister RockS,0.775,0.397,0.581,0.438
Caribo,1.202,0.942,0.51,0.358
Tres Gate,0,0,0,0
Tagel,0,0,0.406,0.26
Up And At Em,0.726,0.678,0.499,0.379
Zampano,0,0,0.119,0.023
Sparkling Boy,0,0,0.479,0.342
Hostage,0,0,0.556,0.309
Huntercombe,0,0,0.634,0.443
Hector Protector,0,0,0.696,0.562
Nashamaa,0.908,0.699,0.52,0.377
Fly Till Dawn,0,0,0.214,0.046
Bahri,1.937,1.391,0.577,0.465
Latest Model,5.811,2.029,0.706,0.585
Gummo,0,0,0.252,0.064
Tough Critic,0,0,0.626,0.392
Potrillazo,0,0,0.812,0.664
Dr Geo Adams,0,0,0.726,0.538
Freedoms Choice,0,0,0.088,0.016
Southern Music,0,0,0,0
Cupids Dew,0,0,0.458,0.21
Bad Conduct,2.905,1.847,0.405,0.346
Dunphy,0,0,0.376,0.21
Morston,0,0,0.372,0.214
Kingdom Bay,1.056,0.905,0.538,0.363
Skywalker,1.516,0.984,0.609,0.453
Call Report,0,0,0.271,0.13
Cryptoclearance,0,0,0.359,0.167
Desert Story,0,0,0.292,0.174
Foxhound,0,0,0.195,0.067
Kabour,0,0,0.45,0.299
Straight Strike,0,0,0.098,0.019
Risen Star,0.775,0.577,0.591,0.423
Homme De Loi,3.874,4.679,0.534,0.421
Waquoit,1.162,0.898,0.448,0.349
Salutely,0,0,0.101,0.01
Carnivalay,0,0,0.574,0.333
Solo Dancer,0,0,0.333,0.111
Gairloch,0,0,0,0
Drone,0,0,0.364,0.264
Monseigneur,0,0,0.223,0.105
Ridan,0,0,0.011,0.001
Leeds,3.874,1.063,0.639,0.613
Highland Park,0,0,0.287,0.133
Dusky Boy,0,0,0.031,0.002
Cosmopolitan,0,0,0.417,0.181
Chance Meeting I,0,0,0.325,0.146
Cornuto,0,0,0,0
Lidhame,1.453,1.008,0.604,0.43
Turn Back The Time,0,0,0.909,0.826
Ashford,0,0,0.083,0.014
Nicholas,0.83,0.476,0.579,0.41
French Stress,3.32,1.653,0.766,0.65
Euro Star,4.358,3.218,0.646,0.544
Run The Gantlet,0.968,1.284,0.332,0.227
Sauce Boat,0,0,0.303,0.153
Winds Of Light,0,0,0.417,0.174
The Great Shark,0,0,0.333,0.111
Arrasas,0,0,0.161,0.03
High Kicker,0,0,0.091,0.008
Kaljerry,2.905,3.073,0.592,0.42
Frere Basile,0,0,0.237,0.061
Strike The Gold,0,0,0.558,0.354
Crusader Sword,0,0,0.227,0.103
Easter Sun,0,0,0.214,0.09
Orfano,0,0,0.102,0.022
Wadood,1.937,1.205,0.58,0.47
Extra,0,0,0,0
Kokand,0,0,0.627,0.49
Elliodor,0,0,0.171,0.03
Solarstern,0,0,0.41,0.268
Definite Article,0,0,0.417,0.174
Lit De Justice,0,0,0.157,0.039
Pine Bluff,0,0,0.714,0.51
Phountzi,0,0,0.038,0.003
Dr Devious,1.66,0.91,0.747,0.614
Steinbeck I,0,0,0.308,0.095
Bold Forbes,0,0,0,0
Holst,0,0,0.254,0.14
Conquering Hero,0.352,0.401,0.387,0.217
Ascendant I,0,0,0.538,0.29
Petit Loup,0,0,0.475,0.285
Savahra Sound,0.83,0.963,0.475,0.351
Free Round,0,0,0.343,0.176
Cagliostro,1.056,0.803,0.428,0.307
Nicolotte,0,0,0.32,0.173
Fire Dancer,0,0,0.218,0.058
Hickman Creek,6.973,2.909,0.809,0.71
Radetzky,0,0,0.277,0.096
Barn Five South,0,0,0,0
Stalwart,7.748,7.667,0.81,0.728
Moor House,0,0,0,0
Erdelistan,0,0,0.238,0.17
Perhapsburg,0,0,0.143,0.02
Prince Titian,0,0,0,0
Tom Noddy,0,0,0.353,0.125
Van Der Linden,0,0,0,0
Raised Socially,0,0,0.175,0.04
Ride The Rails,0,0,0.714,0.51
Gold And Ivory,0,0,0.252,0.096
Hawaiian Return,0.684,0.69,0.459,0.309
Sir Herbert,0,0,0.273,0.074
Silver Kite,0,0,0.053,0.007
To-Agori-Mou,0,0,0.727,0.529
Engagement,0,0,0,0
Apalachee,0,0,0.419,0.245
Prince Echo,0,0,0.335,0.152
Montcontour,0,0,0.2,0.04
Rebel Prince,0,0,0,0
Great Gladiator,0,0,0.114,0.024
Gabitat,0,0,0.1,0.014
Farma Way,0,0,0.254,0.074
Dancers Image,0,0,0.176,0.034
Snurge,0,0,0,0
Pink I,11.621,6.5,1,1
French Deputy,0,0,0.167,0.028
Valiant Nature,0,0,0,0
Fairway Phantom,2.324,1.29,0.675,0.545
Moment Of Hope,0,0,0.436,0.268
Subotica,5.811,20.4,0.5,0.5
Bell Ringer I,0,0,0.083,0.021
Forlorn River,0,0,0.091,0.008
Beaudelaire,0,0,0.091,0.008
Balleroy,3.874,2.001,0.462,0.404
Big Pistol,0,0,0.033,0.003
Lai Lai,0,0,0,0
Dancing Groom,0,0,0.591,0.368
Gregorian,0,0,0.52,0.339
Colonial Affair,0,0,0.709,0.515
Pompon Rouge,0,0,0.273,0.074
Leone,0,0,0.768,0.59
Erins Hope,0,0,0.423,0.234
Radetzky Marsch,0,0,0.857,0.735
Rakeen,0,0,0,0
Noble Bijou,0,0,0.458,0.42
LHomme Arme,0,0,0.286,0.163
Pelton Lad,0,0,0.282,0.114
Do Do,5.811,3.217,0.688,0.641
Side Track,0.726,0.665,0.594,0.405
Saint Andrews I,0,0,0.4,0.285
Champ Libre,0,0,0.169,0.045
Dual,7.748,12.593,0.667,0.667
Grey Steel,0,0,0,0
Le Dauphin,0,0,0,0
Streetfighter,0,0,0.231,0.107
Ore,0,0,0.307,0.097
Official,0,0,0.071,0.005
Forever Sparkle,0,0,0.444,0.198
Masked Dancer,5.811,4.951,0.914,0.843
Amboise,0,0,0.167,0.028
Reformed Character,0,0,0.437,0.338
Hot Brandy,0,0,0.333,0.176
Pevero,0,0,0,0
Backchat,0,0,0.182,0.033
Doctor Wall,5.811,13.887,0.733,0.609
El Condor,2.905,1.735,0.522,0.37
Autre Prince,0,0,0.583,0.34
State Diplomacy,0,0,0.2,0.04
Giacometti,0,0,0.525,0.311
Waylay,0,0,0.25,0.125
Sayaarr,0,0,0,0
Actinium,0,0,0.107,0.023
Alycos,0,0,0,0
Hittite Glory,0,0,0,0
Some Buck,0,0,0,0
Jupiter Pluvius,0,0,0.538,0.315
Iron Ruler,0,0,0.357,0.128
Three Legs,0,0,0.885,0.787
Battle Hymn I,0,0,0,0
General View,0,0,0.056,0.006
Prince Mab,5.811,3.162,0.667,0.611
Nebbiolo,3.874,2.971,0.679,0.609
Go Marching,0,0,0.419,0.176
Leander I,0,0,0.486,0.256
Veloski,5.811,9.92,0.808,0.689
Red Regent,0,0,0.144,0.051
Amarko,0,0,0.467,0.218
Kaaptive Edition,0,0,0.429,0.184
Roc Imp,0,0,0,0
Bishop Of Orange,4.981,5.516,0.713,0.618
Nucleon,0,0,0.307,0.162
Antuco,0,0,0,0
Hasty Tudor,0,0,0.083,0.007
American Chance,0,0,0.455,0.207
West China,0,0,0.375,0.141
Dirak Creiomin,1.291,0.721,0.721,0.591
English Prince,0,0,0.341,0.138
Solar Topic,0,0,0,0
Private Walk,0,0,0,0
Haltea,0,0,0,0
Vin St Benet,0,0,0,0
Concertino,0,0,0,0
Le Patron,1.056,0.521,0.694,0.575
Wauthi,0,0,0.512,0.351
Fordham,0,0,0.466,0.268
Asir,1.162,1.536,0.431,0.299
Gianchi,2.113,1.018,0.513,0.4
Super Slip,1.453,1.016,0.488,0.349
Riboprince,0,0,0.221,0.097
The Prime Minister,6.641,4.313,0.772,0.691
Rheffic,1.453,0.858,0.656,0.544
Timeless Moment,0,0,0.504,0.311
Salute The Brave,0,0,0.582,0.407
Niels,0,0,0.385,0.224
Wood Chanter,1.107,1.583,0.494,0.348
Syrtos,0,0,0.056,0.009
Stetchworth,0,0,0.417,0.265
Mississippi,1.223,1.186,0.582,0.393
Patch,1.162,0.649,0.678,0.522
Executive Pride,0,0,0.29,0.125
Tower Shoot,0,0,0.163,0.077
Sharp Edge,0,0,0,0
Hildenley I,0,0,0.596,0.365
Young Emperor,0,0,0.206,0.071
Country Light,0,0,0.248,0.12
Sobar,0,0,0.119,0.028
Le Fabuleux,0,0,0.504,0.284
Convinced,1.162,1.482,0.429,0.284
Jeu De Paille,1.162,0.737,0.628,0.476
Saronicos,0,0,0.453,0.289
Lampon,3.874,1.715,0.759,0.684
Winden,2.324,1.373,0.55,0.43
Borovoe,0,0,0,0
Parliament I,1.056,0.992,0.56,0.38
Steel Heart I,1.937,2.11,0.405,0.257
Noblequest,0,0,0.6,0.36
Boyatino,0,0,0.576,0.436
King Emperor,0,0,0.495,0.285
Frimaire,0,0,0.449,0.259
Policeman,0,0,0.397,0.221
Herodias,2.324,1.995,0.608,0.485
Desert Style,1.056,1.196,0.318,0.209
Hardicanute,0,0,0.133,0.018
LEnjoleur,0,0,0.526,0.287
General II,1.056,0.699,0.662,0.521
Treasure Hunter,0,0,0.433,0.229
Tarleton Oak,0,0,0.358,0.215
Wylfa,0,0,0.686,0.512
Where To Dance,0.93,0.932,0.481,0.331
Gone Native,2.905,2.987,0.356,0.287
Midhish,0,0,0.181,0.048
Sayfar,1.788,1.564,0.76,0.623
Loose Cannon,0,0,0.376,0.142
Ferdinand,0,0,0.192,0.067
Spartan Jester,0,0,0.628,0.409
Lanfranco,0,0,0.24,0.097
Cajun,0,0,0.346,0.188
Plenty Old,1.056,1.146,0.531,0.397
Tacheron,0,0,0.326,0.215
Hays,0,0,0.104,0.017
Octavo,0,0,0.597,0.429
Bar Dexter,0,0,0.38,0.22
Mr Fordette,0,0,0.1,0.014
Carr De Naskra,0,0,0.141,0.034
Bassenthwaite,1.291,0.564,0.814,0.697
Alflora,2.905,4.639,0.471,0.369
Greenwood,0,0,0.308,0.113
Al Riad,0,0,0.679,0.524
Smooth Stepper I,1.937,1.612,0.596,0.454
Walshford,0,0,0.639,0.473
Real Value,0,0,0.637,0.498
Never Return,1.937,1.658,0.809,0.684
Deroulede,1.453,1.653,0.637,0.46
Full Pocket,0,0,0.111,0.012
Brewery Boy,0,0,0.51,0.355
Tesoro Mio,0,0,0.525,0.338
Piling,7.748,2.011,0.979,0.96
Arokar,1.937,3.329,0.384,0.277
Aguarico,0,0,0.444,0.268
Ali-Royal,0,0,0.48,0.255
Halpern Bay,0,0,0.483,0.285
Concorde Jr,3.874,1.201,0.739,0.61
Lost World,0,0,0.473,0.278
Rustan,3.874,1.21,0.761,0.645
Presidential I,0,0,0.675,0.494
Caveat,0,0,0.67,0.45
Hatchet Man,0,0,0.441,0.255
Vanlandingham,7.748,1.567,0.81,0.728
Defensive Play,7.748,2.609,0.889,0.815
Gosport,5.811,8.029,0.812,0.695
Senor Pete,0,0,0.47,0.224
Vaguely Pleasant,0,0,0,0
On To Glory,0,0,0.387,0.18
Sword Dance,0,0,0.505,0.255
Bartok I,0,0,0.143,0.041
Tiepolo II,0,0,0.221,0.098
King Pellinore,0,0,0.439,0.267
Dancing Lights,0,0,0.071,0.005
Pedigree Unregistered,0,0,0.246,0.137
His Turn,0,0,0.292,0.094
Karabas,0,0,0.203,0.064
Milk Of The Barley,0,0,0.326,0.212
Deep Society,0,0,0.079,0.012
Hawk Wing,0,0,0,0
Sire Unregistered,0,0,0.166,0.056
Romantic Lead,0,0,0.176,0.062
Sarab,0,0,0.155,0.038
Roi Dagobert,0,0,0,0
Garland Knight,0,0,0.237,0.081
Amazing Bust,0,0,0.409,0.201
Abbeys Grey,0,0,0.421,0.278
Bruni,0,0,0.433,0.216
Ginger Boy I,11.621,4.54,1,1
Weld,1.66,0.903,0.755,0.634
Amyntor,0,0,0.585,0.379
Days At Sea,2.905,0.939,0.604,0.532
Milan I,0,0,0.367,0.136
Raconteur I,0,0,0.395,0.187
Gardas Revenge,0,0,0.054,0.003
Sandford Lad,0,0,0.281,0.127
Always A Rainbow,2.324,1.614,0.763,0.63
Irish Love I,0,0,0.124,0.016
Stay For Lunch,0,0,0.395,0.231
Lively One,0,0,0.059,0.005
Diamonds Are Trump,0,0,0.217,0.047
Air De Cour,3.32,1.542,0.73,0.646
Le Soleil,0,0,0.523,0.411
Hardgreen,0,0,0.095,0.018
Lord Nelson,0,0,0.387,0.225
Crown Lease,0,0,0,0
Cresta Rider,1.937,0.912,0.671,0.59
Executive Man,0,0,0.094,0.018
Barrons Court,0,0,0.506,0.257
The Expatriate,0,0,0.826,0.682
Pretense,0,0,0.5,0.294
Bricassar,0,0,0.375,0.192
Soldier Rose,1.66,0.838,0.86,0.747
Strange Love,0,0,0.875,0.77
Charlottesvilles Flyer,0,0,0.405,0.328
Orange Reef,5.811,1.557,0.81,0.692
Dramatic Bid,0,0,0.444,0.279
Kashiwa,0,0,0,0
Tony Nobles,3.874,3.223,0.775,0.63
Lightning Leap,0,0,0.282,0.119
Citheron,0,0,0.552,0.376
Carefree Dancer,0,0,0.316,0.1
Dance Bid,0,0,0.625,0.406
Husyan,0,0,0.59,0.424
Goofalik,0,0,0.055,0.005
The Bart,0,0,0.331,0.186
Buckpasser,0,0,0.145,0.032
Ghost BusterS,0,0,0.333,0.123
Presenting,0,0,0.233,0.059
Treasure Bay,5.811,8.75,0.5,0.5
Amazon,0,0,0.633,0.45
Nepotism I,0,0,0.252,0.078
Huntingdale,11.621,17,1,1
Avies Copy,0,0,0.094,0.016
Sir Mordred,0,0,0.316,0.131
Two Punch,0,0,0,0
Glad Dancer,0,0,0.894,0.801
Riverhead,0,0,0.287,0.108
Ete Indien I,0,0,0.331,0.113
Majority Blue,0,0,0.299,0.136
Youth,2.905,2.324,0.546,0.442
Smoggy,0,0,0.214,0.046
Valdingran,1.162,0.819,0.65,0.526
Daring Display,0,0,0.207,0.074
Pancho Villa,0,0,0,0
Personal Flag,0,0,0.876,0.77
Ben Fab,0,0,0.5,0.25
Riverton,0,0,0.87,0.756
Medieval Man,2.905,1.286,0.653,0.492
Sovereign Path,0,0,0.344,0.156
Grauer Wicht,5.811,1.481,0.952,0.909
Alphabatim,0,0,0.251,0.095
Red Alert I,0,0,0,0
Harp Islet,0,0,0.206,0.05
Naheez,0,0,0.2,0.08
Little Bighorn,3.874,1.465,0.633,0.51
Pedigree Unknown,0,0,0.538,0.29
Transworld,0,0,0.375,0.141
Dr Blum,0,0,0.615,0.379
My Swanee,2.905,3.451,0.448,0.372
Doonesbury,0,0,0.226,0.055
Lydian,3.874,8.029,0.617,0.47
Personal Hope,0,0,0.121,0.018
Broussard,0,0,0,0
Sefapiano,0,0,0.458,0.253
General Meeting,0,0,0.833,0.694
Baba Karam,0,0,0.381,0.145
First Consul,0,0,0.702,0.512
Le Levanstell,0,0,0.102,0.016
Garryowen I,0,0,0.156,0.049
Cidrax,0,0,0.133,0.018
Frazer,0,0,0.24,0.058
Vaquillo,0,0,0.045,0.002
Never Slip,0,0,0,0
Maris Book,0,0,0.132,0.03
Tornabuoni,0,0,0.118,0.028
Sanctus II,0,0,0,0
Kronenkranich,0,0,0.588,0.346
Seaepic,0,0,0,0
Fujiwara,0,0,0.452,0.409
Acceglio,0,0,0.896,0.806
Lomitas,0,0,0.857,0.735
Desert King,0,0,0.545,0.333
Jacksons Drift,0,0,0.174,0.034
Krisinsky,0,0,0.467,0.218
Arch Sculptor,0,0,0,0
Kashnil,0,0,0,0
Faberge II,0,0,0,0
Track Spare,0,0,0.267,0.071
Tout Ensemble,0,0,0.872,0.764
Moyrath Response,0,0,0.6,0.36
Copper Gamble,0,0,0.357,0.128
Rugged Man,0,0,0.571,0.327
Crepello,0,0,0.19,0.036
Nityo,0,0,0.455,0.207
Leap High,0,0,0.4,0.32
Kamehameha I,0,0,0.13,0.034
