jockey,IV,A/E,PRB,PRB2
Wilson Renwick,0.733,0.74,0.43,0.294
Russ Garritty,1.453,0.83,0.551,0.418
Padge Whelan,0.478,0.466,0.462,0.316
Keith Mercer,1.097,0.859,0.527,0.389
Richie McGrath,1.083,0.853,0.474,0.347
Brian Harding,0.9,0.825,0.429,0.297
Bruce Gibson,1.211,0.879,0.44,0.313
Barry Keniry,0.83,0.845,0.462,0.326
Matty Roe,0,0,0.346,0.221
Kenny Johnson,0.677,0.813,0.388,0.243
Peter Buchanan,0.623,0.652,0.411,0.278
Dougie Costello,0.494,0.51,0.397,0.272
Mr J Moorman,0,0,0.483,0.267
Phil Kinsella,0.766,0.864,0.408,0.287
T Halliday,1.202,1.002,0.439,0.316
Neil Mulholland,0.505,0.608,0.4,0.263
Owyn Nelmes,0.72,0.782,0.46,0.324
N Hannity,0.989,0.724,0.483,0.35
Gareth Thomas,0.363,0.588,0.42,0.271
Danny Cook,0.612,0.788,0.363,0.263
T J Dreaper,1.063,0.75,0.477,0.347
Gino Carenza,0.875,0.81,0.405,0.29
Gary Berridge,0.989,0.871,0.447,0.318
David OMeara,0.799,0.773,0.424,0.292
Henry Oliver,1.038,0.739,0.492,0.343
Fergus King,1.096,1.075,0.447,0.324
B J Crowley,0.908,0.899,0.425,0.3
Mr T Greenall,1.047,0.693,0.55,0.417
Larry McGrath,1.11,0.663,0.511,0.365
Jim Crowley,1.66,1.201,0.496,0.379
Mr S Morris,1.162,0.851,0.537,0.407
Ollie McPhail,0.83,0.965,0.365,0.246
Mick Fitzgerald,1.586,0.853,0.517,0.4
Tony Dobbin,2.09,0.955,0.543,0.435
Alan OKeeffe,1.022,0.883,0.418,0.301
Anthony Coyle,0.09,0.174,0.303,0.175
Dominic Elsworth,1.907,1.159,0.553,0.433
Tony Evans,1.093,0.977,0.436,0.322
Tom Doyle,1.342,0.931,0.508,0.387
D Swan,0,0,0.332,0.195
John McNamara,0.873,0.76,0.491,0.359
Paul Robson,0.876,0.857,0.443,0.315
Vince Slattery,0.395,0.644,0.339,0.198
Mr C Storey,0.474,0.578,0.497,0.327
Stephen Craine,0.584,0.659,0.471,0.311
Carl Llewellyn,1.198,0.813,0.471,0.336
Mr S Rees,0,0,0.36,0.185
C Rafter,0,0,0.344,0.205
Dave Crosse,0.511,0.617,0.414,0.282
Graham Lee,1.876,0.955,0.542,0.432
Joe Tizzard,1.525,0.95,0.489,0.365
William Kennedy,1.4,0.876,0.538,0.413
Robert Walford,0.958,0.927,0.505,0.352
Miss Beverley Kendall,0,0,0.642,0.484
Sam Stronge,0.968,1.181,0.354,0.246
James Davies,0.971,1.092,0.372,0.262
Declan McGann,0.652,0.819,0.393,0.255
J E Clare,0.894,1.614,0.407,0.284
Ewan Whillans,0.564,0.738,0.434,0.283
Mr C D Sharkey,0.625,0.669,0.446,0.326
Paddy Aspell,0.399,0.578,0.409,0.259
Adam Pogson,0.882,0.911,0.492,0.349
G J Grogan,0,0,0.496,0.372
P C ONeill,1.625,1.05,0.54,0.412
Tommy Phelan,0.536,0.89,0.411,0.249
Jason Maguire,0.904,0.697,0.463,0.351
Mr Matthew Smith,0.541,1.071,0.369,0.259
Anthony Ross,0.272,0.359,0.415,0.273
B W Walsh,0,0,0.364,0.264
Ben Orde-Powlett,0.646,0.93,0.402,0.27
Mr Tom Greenway,0.476,0.606,0.335,0.23
N J Carter,0.228,0.268,0.359,0.226
H Bastiman,2.324,2.302,0.472,0.386
Mr M Walford,0.342,0.255,0.554,0.417
S P Walsh,0.748,1.018,0.385,0.28
Paul Moloney,0.77,0.703,0.435,0.302
Ciaran Eddery,1.223,1.348,0.392,0.289
Sean Fox,1.236,1.198,0.532,0.379
Mr N Tutty,0,0,0.45,0.405
Mr S Crawford,1.076,1.25,0.466,0.322
Mr S F Magee,0,0,0.398,0.233
Michael McAlister,0.968,1.437,0.418,0.29
Luke Fletcher,0.693,0.913,0.427,0.277
Miss Rachel Clark,1.788,3.012,0.449,0.324
Lee Vickers,0.183,0.298,0.376,0.23
Josh Byrne,0.459,0.632,0.357,0.24
Miss T Jackson,0,0,0.233,0.128
Mark Bradburne,0.757,0.635,0.526,0.38
David Da Silva,0.484,1.176,0.386,0.26
Paul Callaghan,0,0,0.366,0.232
Charlie Studd,0.603,1.096,0.366,0.226
Miss L Hislop,2.905,2.781,0.634,0.46
Mr D T Stratton,0,0,0.528,0.309
Mr Christopher Dawson,1.66,3.119,0.442,0.319
Mr C Mulhall,3.874,2.677,0.663,0.585
Mr Simon Robinson,0,0,0.159,0.101
Mr O Greenall,0,0,0.324,0.189
Tom Messenger,0.415,0.685,0.356,0.233
Mr N S Saville,0,0,0.315,0.229
Mrs Joanne Brown,0,0,0.106,0.022
Mr S Charlton,0,0,0.312,0.242
Mrs R Dobbin,1.316,0.791,0.543,0.403
M Palmer,0,0,0.46,0.224
Mr John Davidson,0.646,1.515,0.4,0.248
Phillip Makin,1.025,0.791,0.546,0.388
Neil Callan,1.57,1.04,0.555,0.414
Robert Winston,1.707,1.011,0.562,0.422
Paul Mulrennan,0.527,0.59,0.429,0.277
David Allan,0.972,0.85,0.534,0.372
Chris Catlin,1.001,0.896,0.475,0.328
Tony Culhane,1.037,0.781,0.511,0.36
Tom Eaves,0.841,0.829,0.487,0.333
Lisa Jones,0.596,0.739,0.423,0.274
Hayley Turner,1.018,0.973,0.478,0.326
Daniel Tudhope,1.08,0.887,0.555,0.404
J-P Guillambert,1.132,0.862,0.539,0.386
Paul Eddery,0.569,0.757,0.414,0.261
Paul Hanagan,1.131,0.823,0.521,0.371
Royston Ffrench,0.89,0.841,0.48,0.328
Micky Fenton,0.759,0.826,0.467,0.317
Paddy Mathers,0.487,0.606,0.425,0.273
Tom Queally,0.74,0.697,0.429,0.283
Fergal Lynch,1.282,1,0.515,0.371
Adrian Nicholls,1.098,0.917,0.455,0.322
Michael Tebbutt,0.904,0.998,0.438,0.293
Amir Quinn,0.911,0.81,0.516,0.364
P J Benson,1.019,0.697,0.569,0.424
V Halliday,0.159,0.302,0.336,0.188
Nicky Mackay,0.857,0.737,0.514,0.352
Leandro D Goncalves,0.581,0.426,0.543,0.368
Tony Hamilton,0.772,0.743,0.478,0.32
John Carroll,1.125,1.112,0.428,0.291
Derek McGaffin,0.845,0.974,0.441,0.292
Victoria Behan,1.49,1.563,0.507,0.361
Ann Stokell,0.156,0.278,0.385,0.226
Paul Quinn,0.339,0.569,0.416,0.264
Darren Williams,0.765,0.752,0.436,0.284
Russ Kennemore,1.038,1.106,0.463,0.312
Travis Block,1.625,1.11,0.528,0.389
Mrs Adele Mulrennan,0.314,0.516,0.378,0.239
Neil Pollard,0.234,0.342,0.356,0.2
Joe Fanning,1.129,0.877,0.482,0.339
Brian Reilly,0.974,1.084,0.442,0.302
Jamie Spencer,1.788,0.901,0.573,0.437
Eddie Creighton,0.43,0.536,0.431,0.275
Dean Mernagh,0.745,1.09,0.393,0.256
Dean McKeown,0.691,0.716,0.463,0.304
Kim Tinkler,0.583,0.687,0.474,0.311
David McCabe,0.834,0.903,0.489,0.344
Dale Gibson,0.605,0.6,0.466,0.309
Richard Hills,1.754,0.853,0.625,0.478
Duran Fentiman,0.428,0.607,0.369,0.224
Gyles Parkin,0.095,0.138,0.357,0.208
Jamie Mackay,0.68,0.673,0.418,0.266
Ben Swarbrick,0.495,0.538,0.473,0.308
Mark Lawson,0.668,0.753,0.491,0.315
David Nolan,0.648,0.711,0.485,0.319
Saleem Golam,1.364,1.05,0.545,0.403
Christopher Ely,0,0,0.318,0.189
Derek Nolan,0.83,0.759,0.474,0.313
Stephanie Hollinshead,0,0,0.393,0.22
Darryll Holland,0.95,0.721,0.508,0.353
Frankie McDonald,0.722,0.806,0.475,0.316
David Kinsella,0.399,0.634,0.409,0.243
Oscar Urbina,1.079,0.866,0.527,0.369
Andrew Mullen,0.869,0.787,0.512,0.355
Seb Sanders,1.68,0.943,0.538,0.398
Andrew Elliott,1.162,1.094,0.534,0.374
Paul Fessey,0.42,0.518,0.44,0.281
Kevin Darley,1.608,0.923,0.554,0.413
Marc Halford,0.86,0.885,0.447,0.3
Natalia Gemelova,0.588,1.194,0.362,0.234
Kerrin McEvoy,2.221,1.223,0.602,0.463
Ross Studholme,0,0,0.28,0.134
Dean Corby,1.179,1.106,0.501,0.35
Francis Ferris,0.752,1.035,0.404,0.268
Robbie Fitzpatrick,1.026,1.104,0.488,0.337
Sam Hitchcott,0.625,0.623,0.479,0.322
John Cavanagh,0,0,0.407,0.235
Slade OHara,1.192,1.154,0.531,0.369
Colin Haddon,0.803,0.835,0.471,0.312
Franny Norton,1.022,0.859,0.518,0.366
Nicola Topper,0,0,0.4,0.19
Paul Fitzsimons,0.406,0.526,0.407,0.258
Ted Durcan,0.967,0.731,0.502,0.35
Philip Robinson,1.627,0.98,0.583,0.438
Mark Flynn,0.581,0.635,0.501,0.325
Graham Gibbons,1.468,1.116,0.561,0.416
Neil Brown,1.453,0.882,0.591,0.432
Jason Edmunds,0.363,0.477,0.397,0.262
Richard Kingscote,1.305,1.038,0.545,0.394
Kristin Stubbs,0.208,0.18,0.522,0.344
Greg Fairley,1.589,1.22,0.549,0.403
Gary Bartley,0.381,0.367,0.463,0.307
Jonathan Currie,0,0,0.38,0.252
Richard Mullen,0.564,0.568,0.484,0.322
Liam Keniry,0.814,0.897,0.469,0.314
Eddie Ahern,1.239,0.799,0.549,0.399
Dean Heslop,0,0,0.519,0.359
Ambroise Reilly,0,0,0.348,0.178
John McAuley,0,0,0.282,0.141
R D Gordon,0.484,0.651,0.384,0.231
Willie Supple,1.109,0.849,0.505,0.354
Danielle McCreery,1.107,2.078,0.408,0.255
James OReilly,0.704,0.979,0.493,0.336
Jimmy Quinn,0.961,0.824,0.506,0.357
W Cahill,0.612,1.032,0.433,0.283
Sheldon Russell,0.264,0.394,0.405,0.24
Patrick Donaghy,0.775,0.891,0.393,0.226
Kirby Harris,0,0,0.615,0.416
Lance Betts,1.453,1.407,0.484,0.348
Gary Edwards,0,0,0.272,0.127
Mr S Bushby,0,0,0.402,0.241
Paul Pickard,0,0,0.3,0.15
Mark Savage,1.002,0.734,0.582,0.432
Suzzanne France,0.379,0.66,0.449,0.277
James Reveley,0.894,0.672,0.567,0.394
Miss R Jefferson,2.905,4.964,0.591,0.416
Miss Serena Brotherton,2.179,1.56,0.562,0.424
Miss Helen Cuthbert,1.66,2.115,0.573,0.429
Miss J Wilmot-Smith,0,0,0.17,0.029
Miss S Arnold,0,0,0.294,0.193
Steve Carson,0.742,0.738,0.485,0.325
Rory Moore,0.55,0.572,0.444,0.284
Leanne Kershaw,0.588,0.81,0.408,0.255
Ashley Hamblett,1.233,1.143,0.576,0.434
Liam Jones,0.824,1.016,0.488,0.324
Frankie Pickard,0,0,0.258,0.102
Mark Coumbe,0.447,0.521,0.517,0.366
Nicol Polli,0,0,0.395,0.239
Lee Enstone,0.253,0.377,0.409,0.265
Katie Hales,0,0,0.239,0.072
Robert Miles,0.465,0.595,0.446,0.288
Donna Aspell,0.607,0.779,0.402,0.251
Kevin Ghunowa,0.541,0.715,0.389,0.23
Kirsty Milczarek,0.581,0.892,0.409,0.251
Shane Kelly,1.072,0.82,0.536,0.385
Adrian McCarthy,0.219,0.314,0.388,0.233
Michael Stainton,0.83,0.93,0.536,0.37
Jemma Marshall,0.302,0.41,0.431,0.29
Matthew Henry,0.693,0.836,0.467,0.311
Stevie Donohoe,0.857,0.747,0.558,0.395
Alan Munro,1.412,1.037,0.563,0.415
Ryan Moore,1.337,0.848,0.575,0.425
Declan McDonogh,1.199,0.779,0.549,0.394
James Doyle,0.616,0.664,0.481,0.325
Mr J P Flavin,0,0,0.387,0.243
Mr T J Burrows,0,0,0.333,0.196
Steven Gagan,0.447,0.454,0.464,0.33
Charlie Poste,0.601,0.767,0.411,0.268
P J McDonald,0.946,0.851,0.464,0.341
Michael OConnell,0,0,0.308,0.119
Andrew Adams,1.291,1.357,0.454,0.286
Fearghal Davis,0,0,0.405,0.305
Michael McAvoy,1.291,1.628,0.549,0.403
Richard Spate,0.616,0.612,0.426,0.306
Robert L Butler,0.425,0.593,0.42,0.284
Alan Dempsey,0.713,0.753,0.409,0.276
Paddy Merrigan,2.207,1.684,0.521,0.414
Chris Honour,0.675,0.686,0.47,0.329
Warren Marston,1.108,0.86,0.464,0.337
Tom Siddall,0.439,0.503,0.398,0.256
Michal Kohl,0.646,0.594,0.579,0.454
Mark Nicolls,0.441,0.62,0.399,0.263
Gerard Tumelty,1.291,1.086,0.435,0.326
Jenny Riding,0,0,0.354,0.227
Oliver Williams,0,0,0.34,0.265
Mr C J Callow,1.937,0.739,0.613,0.485
Harry Haynes,1.66,2.139,0.638,0.453
Mr B King,0.726,0.95,0.358,0.242
Miss Carly Frater,0,0,0.434,0.253
Mr D Greenway,0,0,0.439,0.271
Shane Byrne,0,0,0.59,0.404
Mr Ben Hamilton,0,0,0.324,0.179
Mr S Clements,0.612,0.899,0.491,0.335
Mr D A Fitzsimmons,0,0,0.203,0.088
Miss Alyson Deniel,0,0,0.259,0.182
Seamus Durack,1.123,0.966,0.464,0.335
Richard Johnson,2.025,0.932,0.607,0.478
Tom Scudamore,0.94,0.667,0.509,0.377
Paul W Flynn,0.612,0.688,0.4,0.258
Wayne Hutchinson,1.307,1.091,0.503,0.379
Marcus Foley,1.814,1.305,0.509,0.397
Leighton Aspell,0.972,0.8,0.523,0.376
Derek Laverty,0.426,0.559,0.408,0.276
Richard Hobson,0.197,0.406,0.366,0.22
James Diment,0.697,0.706,0.354,0.242
Robert Stephens,1.076,1.01,0.443,0.321
Christian Williams,1.563,0.913,0.504,0.383
Sean Curran,0.309,0.518,0.355,0.225
Philip Hide,1.226,1.074,0.481,0.346
A P McCoy,2.506,0.845,0.63,0.522
Mr P Cowley,0,0,0.462,0.286
Benjamin Hitchcott,0.633,0.73,0.429,0.286
Mr J A Jenkins,0.213,0.382,0.343,0.197
Lee Newnes,1.49,1.847,0.502,0.377
Mr M Deady,0,0,0.22,0.115
Eamon Dehdashti,0.958,0.973,0.45,0.309
Simon Elliott,0.894,0.829,0.369,0.253
Willie McCarthy,1.256,0.836,0.502,0.372
Robert Thornton,1.558,0.83,0.53,0.42
Mr J Quintin,0,0,0.625,0.391
Jimmy McCarthy,0.542,0.57,0.432,0.295
Jim Culloty,1.196,0.88,0.533,0.407
Mr R McCarthy,0.242,0.286,0.374,0.237
Mr N Kinnon,0,0,0.651,0.45
A Honeyball,0.394,0.539,0.403,0.247
Paddy Brennan,1.385,1.051,0.505,0.37
Tom Malone,1.291,0.978,0.49,0.354
Noel Fehily,1.338,1.006,0.497,0.374
David Dennis,1.179,0.912,0.521,0.382
Andrew Thornton,1.434,1.011,0.486,0.368
Richard Young,0.609,0.608,0.456,0.313
Richard Cosgrave,0,0,0.421,0.311
Mr J Owen,0.553,0.667,0.332,0.195
Jodie Mogford,0.607,0.912,0.386,0.242
Andrew Tinkler,1.056,0.797,0.46,0.344
Mr David Mansell,0,0,0.261,0.171
Wayne Kavanagh,0.56,0.702,0.452,0.302
Adrian Scholes,0.352,0.576,0.368,0.232
Liam Treadwell,0.425,0.608,0.34,0.219
Wayne Jones,0.775,0.545,0.458,0.3
Adam Hawkins,0.704,0.64,0.6,0.431
Lee Stephens,0.96,0.932,0.447,0.314
R P McNally,0.575,0.785,0.341,0.213
Jamie Moore,1.26,0.83,0.521,0.386
Jamie Goldstein,0.763,1.117,0.412,0.277
Patrick C Stringer,0.596,1.027,0.428,0.29
J W Stevenson,0,0,0.31,0.167
Sam Thomas,1.474,0.861,0.536,0.404
Mr Jamie Bunsell,0.968,0.942,0.368,0.265
Keiran Burke,0.56,0.893,0.376,0.248
Mattie Batchelor,1.008,1.084,0.426,0.301
R Walsh,2.574,0.93,0.692,0.571
Mr Simon Walker,1.453,0.839,0.573,0.434
Mr Nick Williams,0.917,0.417,0.423,0.321
Mr M Wilesmith,1.453,2.111,0.49,0.328
Mr S Gray,0,0,0.667,0.467
Rodi Greene,0.367,0.439,0.391,0.256
Mr Richard Collinson,0,0,0.104,0.065
K Olignon,0,0,0.2,0.04
Tom OBrien,1.854,1.59,0.579,0.464
John Kington,0.942,1.067,0.429,0.291
Mr Phillip York,0.581,0.695,0.5,0.322
John Pritchard,0.505,0.675,0.341,0.214
David England,0.894,0.937,0.514,0.425
Mr J Snowden,2.141,1.376,0.56,0.457
Jay Pemberton,0,0,0.26,0.151
Timmy Murphy,1.943,0.91,0.54,0.421
Charlie Huxley,0,0,0.309,0.145
Mr E D Nolan,0,0,0.201,0.113
Daryl Jacob,2.098,1.347,0.543,0.43
Miss Caroline Hurley,2.583,1.485,0.788,0.651
Marc Goldstein,1.182,1.126,0.477,0.339
Miss J Foster,0,0,0.288,0.207
Mr R Hodges,0,0,0.301,0.159
Mr David Turner,0.465,0.801,0.337,0.195
Mr Darren Edwards,1.66,1.907,0.367,0.272
Gerry Supple,0.67,0.893,0.441,0.268
Mr S J Graham,0,0,0.167,0.056
Mr P Collington,0,0,0.558,0.395
Miss Isabel Tompsett,0,0,0.356,0.228
Andrew Glassonbury,0.447,0.4,0.511,0.363
Mr R P Quinn,0.664,0.689,0.457,0.308
Miss C Dyson,0.801,1.827,0.363,0.227
Mr M Wall,0.612,1.354,0.454,0.351
P T Gallagher,0,0,0.448,0.301
E J Cooper,0,0,0.356,0.186
Miss S Sharratt,1.367,1.633,0.516,0.411
Sam Jones,1.291,1.793,0.515,0.371
Miss P M Hearn,0,0,0.537,0.31
Mr David Dunsdon,0.93,0.856,0.498,0.37
Mr C J Sweeney,2.179,1.251,0.569,0.45
Felix De Giles,0,0,0.543,0.387
Mr A J Berry,1.453,0.767,0.587,0.433
Mr C Hughes,0,0,0.425,0.252
Miss E J Jones,0,0,0.447,0.303
Ms Lucy Pearce Rowsell,0.775,1.151,0.294,0.209
Miss E J Tuck,0,0,0.502,0.364
Liam Heard,1.722,0.995,0.573,0.436
Miss L Horner,0.628,0.763,0.438,0.279
Mr M Hooper,0,0,0,0
Mr D J Boland,0.704,0.551,0.542,0.396
James White,0.352,0.361,0.453,0.305
Bernie Wharfe,0.684,1.036,0.392,0.258
Mr Peter Mason,0,0,0.182,0.068
Miss Carey Williamson,0,0,0.252,0.1
Tim Bailey,1.453,1.816,0.266,0.2
Tjade Collier,0.646,1.201,0.349,0.215
Mr Joshua Harris,2.113,2.755,0.434,0.351
Mr Sam Waley-Cohen,1.859,1.054,0.521,0.407
Colin Bolger,0.456,0.57,0.339,0.212
Sam Curling,1.341,1.121,0.512,0.388
Adam Kirby,1.223,0.945,0.534,0.381
Laura Pike,0.528,0.527,0.55,0.386
Alan Daly,0.587,0.755,0.45,0.289
Dean Williams,0,0,0.385,0.226
Frankie Dettori,2.066,0.872,0.603,0.467
J F Egan,1.242,0.962,0.549,0.4
Dane ONeill,1.108,0.928,0.52,0.366
Johnny Murtagh,1.504,0.851,0.622,0.477
Mark Waite,1.937,1.752,0.31,0.215
Pat Cosgrave,0.472,0.53,0.46,0.292
Richard Thomas,0.835,0.935,0.468,0.314
Michael Hills,1.276,0.781,0.566,0.416
Ian Mongan,0.95,0.83,0.491,0.341
Robbie Mills,0.715,0.707,0.485,0.329
Jerry ODwyer,0.306,0.352,0.435,0.254
J S Drynski,0,0,0.475,0.295
Simon Whitworth,0.693,0.791,0.427,0.277
Steve Drowne,1.104,0.846,0.514,0.365
Jamie Jones,0.662,0.722,0.415,0.258
Aurelio Medeiros,0.581,1.016,0.462,0.304
Jimmy Fortune,1.438,0.843,0.58,0.433
Richard Smith,0.194,0.241,0.423,0.267
Wanderson DAvila,0,0,0.192,0.051
Johnny Dekeyser,0.612,0.5,0.592,0.431
R F Keogh,0.676,0.896,0.367,0.225
Paul Doe,0.631,0.794,0.43,0.29
Richard Hughes,1.666,0.951,0.579,0.434
Neil Chalmers,0.462,0.565,0.446,0.277
Tolley Dean,0.436,0.486,0.383,0.242
Brett Doyle,0.623,0.704,0.514,0.355
George Baker,1.344,1.055,0.549,0.403
Robert Havlin,0.935,0.922,0.493,0.338
Amy Baker,1.603,2.188,0.45,0.303
Thomas OBrien,0.453,0.409,0.437,0.272
Stacy Renwick,0.911,1.234,0.425,0.269
Miss Josephine Chini,2.324,2.405,0.597,0.445
Mrs A Cooke,1.66,2.179,0.456,0.331
Miss E A Lalor,1.516,1.633,0.659,0.522
Miss A L Hutchinson,0,0,0.499,0.324
Miss Kelly Burke,1.011,0.811,0.497,0.303
Kelly Harrison,0.83,0.596,0.61,0.439
Miss P Buckley,1.937,1.074,0.546,0.4
Miss Rachel DArcy,0,0,0.607,0.425
Miss A Wallace,0,0,0.434,0.227
Miss K Searby,0,0,0.365,0.152
Miss Faye Bramley,0.968,1.023,0.447,0.306
Miss Lynsey Hanna,0,0,0.567,0.415
Miss Charmaine ONeill,0,0,0.147,0.025
Mrs M Morris,1.937,1.697,0.446,0.354
Miss L Haagensen,3.874,11.431,0.472,0.391
Nelson De Souza,1.6,1.252,0.56,0.41
William Carson,0,0,0.524,0.358
Joseph Walsh,0.567,0.844,0.352,0.205
Fergus Sweeney,0.634,0.693,0.479,0.321
T J Howell,0,0,0.265,0.111
Kieren Fallon,2.361,0.894,0.623,0.49
Steven Harrison,0.415,0.383,0.472,0.318
Esther Remmerswaal,0,0,0.233,0.078
T Quinn,1.311,0.933,0.537,0.388
Laura Reynolds,0.505,0.842,0.442,0.282
Emmett Stack,1.395,1.162,0.477,0.335
Chris Cavanagh,1.107,1.077,0.543,0.354
J D Smith,1.484,1.073,0.572,0.418
Mick Kinane,2.232,0.992,0.585,0.454
Colm ODonoghue,0.715,0.813,0.503,0.346
Richard Rowe,0,0,0.34,0.139
Christophe Soumillon,2.447,1.261,0.626,0.499
Gary Carter,0,0,0.47,0.267
Stephane Pasquier,0,0,0.401,0.163
Marco Monteriso,0,0,0.431,0.287
Christophe-Patrice Lemaire,3.874,2.278,0.599,0.456
David Nuesch,0,0,0.51,0.31
Pat Smullen,1.475,0.747,0.582,0.441
Martin Dwyer,1.327,1.032,0.518,0.37
Fran Berry,1.97,1.15,0.624,0.489
Nash Rawiller,0,0,0.556,0.371
Olivier Peslier,2.324,1.529,0.444,0.34
Andrasch Starke,3.874,2.757,0.759,0.618
Nigel Day,0,0,0.375,0.217
Andreas Suborics,0,0,0.449,0.213
Yutaka Take,0,0,0.833,0.694
Thierry Jarnet,0,0,0.8,0.64
Miss F Cumani,11.621,7.2,1,1
Mrs Emma Littmoden,2.526,1.764,0.675,0.546
Miss J Coward,0,0,0.441,0.301
Miss C Hannaford,0,0,0.51,0.343
Miss L Ellison,0.726,0.709,0.54,0.38
Miss C Baggaley,0,0,0.508,0.32
Mrs Carol Bartley,1.743,1.392,0.489,0.338
Ms N Carberry,2.38,1.079,0.7,0.574
Miss Sarah Perry,0,0,0.239,0.058
Mrs S Bosley,0.581,0.412,0.604,0.42
Kevin Manning,1.195,0.745,0.569,0.415
Mr S Dobson,1.025,0.833,0.457,0.328
Mr R H Fowler,1.516,1.201,0.571,0.461
Jack Mitchell,1.453,1.236,0.487,0.373
Alan Rutter,1.011,0.878,0.598,0.438
Cay Bonhoff,0,0,0.404,0.197
Dr P Pritchard,0,0,0.42,0.256
Oliver Dayman,0.612,1.442,0.352,0.212
Barry Geraghty,1.788,0.859,0.595,0.468
L Metais,0,0,0.482,0.252
Christophe Pieux,0,0,0.333,0.222
Conor ODwyer,1.272,0.71,0.525,0.389
Paul Carberry,2.014,0.924,0.605,0.48
B M Cash,0.46,0.51,0.442,0.291
John Cullen,1.11,0.835,0.527,0.382
D J Casey,1.195,0.752,0.561,0.428
Davy Russell,1.335,0.822,0.573,0.438
G T Hutchinson,0.801,0.725,0.437,0.301
J R Barry,0.572,0.458,0.4,0.282
J P Elliott,0.423,0.435,0.446,0.284
Mr J T McNamara,0.894,0.602,0.523,0.398
Miss P Gundry,2.179,1.189,0.551,0.456
Robbie Power,1.13,0.958,0.508,0.357
Mr R Burton,2.805,1.154,0.671,0.604
Mr A Fitzgerald,0.419,0.359,0.455,0.313
Mr Derek OConnor,1.55,0.805,0.567,0.432
Mr A Wintle,0,0,0.296,0.183
Mr J Jarrett,0,0,0.342,0.203
Mr M J OConnor,1.069,0.781,0.56,0.416
Mr G Weatherley,0,0,0.133,0.053
Mr G Elliott,0.612,0.514,0.45,0.3
Mr R Widger,0.528,0.496,0.425,0.271
Mr K E Power,1.697,1.058,0.581,0.448
Keith Bowens,0.596,0.663,0.514,0.359
Miss Lucy Bridges,0.352,0.337,0.343,0.215
A J Donoghue,0.581,0.613,0.42,0.28
Mr M J OHare,0.758,0.781,0.485,0.37
James OFarrell,0.957,0.992,0.46,0.334
Mr J M Pritchard,0.968,0.706,0.478,0.403
Mr R P Quinlan,0.337,0.31,0.512,0.351
Mr G Hanmer,1.453,1.395,0.317,0.273
Mr D W Cullen,0.581,0.494,0.549,0.42
Denis ORegan,1.071,0.919,0.526,0.377
Davy Condon,0.654,0.575,0.513,0.36
Andrew J McNamara,1.009,0.879,0.547,0.399
Ms A Embiricos,0,0,0.913,0.834
Miss Amaryllis Goschen,1.66,0.946,0.508,0.407
Mr D Kemp,2.905,0.82,0.824,0.7
Mr N Harris,1.66,1.156,0.584,0.49
Mrs Olivia Jackson,0,0,0,0
Mr B Hassett,1.162,1.124,0.412,0.293
Mr J Barnes,0,0,0.239,0.199
Mr Nick Kent,0,0,0.232,0.125
Mr N M Bell,0,0,0.208,0.13
Mr R O Harding,0.456,0.578,0.428,0.272
Vincent Conte,3.32,2.154,0.692,0.555
Mr R Cope,1.66,0.723,0.451,0.371
Mr Rhys Hughes,0,0,0.319,0.203
Miss A de Lisle Wells,0,0,0.311,0.205
Miss C Tizzard,3.67,2.403,0.613,0.514
Miss T Newman,0,0,0.5,0.25
Mr Paul Morris,0,0,0.395,0.192
Mr M Munrowd,0,0,0.28,0.172
Mr J Oldring,0,0,0.449,0.228
Miss T Hayes,0,0,0.167,0.056
Mr R Woollacott,2.905,2.447,0.388,0.334
Miss T Cave,0,0,0.429,0.369
Mr W Hill,2.905,2.102,0.721,0.616
Mr A Puddy,0,0,0.6,0.36
Mr D Barlow,2.324,1.954,0.614,0.494
Andrew Martin,2.583,4.645,0.432,0.364
Mr R Bandey,0,0,0.317,0.179
Mr C Morris,0,0,0,0
Mr J E Tudor,2.021,1.099,0.457,0.399
Mr M Mackley,0.775,0.751,0.39,0.299
Mr J Docker,0,0,0.436,0.286
Miss L Allan,0.83,0.938,0.408,0.273
Mr William Biddick,1.66,1.321,0.469,0.399
Mr Jody Sole,0,0,0.422,0.325
Mr C Gordon,0,0,0.327,0.194
Mr G Kerr,0,0,0.333,0.222
Mr M G Miller,0,0,0,0
Mr T Weston,1.937,0.751,0.505,0.42
Mr M Harris,0,0,0.589,0.52
Miss Tessa Clark,3.32,3.872,0.818,0.692
Mr Geoff Barfoot-Saunt,0,0,0.266,0.142
Nick Oliver,0,0,0.485,0.387
Mrs B Keighley,0,0,0.022,0.002
Mr H Whittington,0,0,0,0
Miss C Stucley,1.937,0.964,0.471,0.371
Miss J Jenner,0,0,0.111,0.025
Mr L R Payter,0,0,0.399,0.232
Justin Morgan,0.517,0.705,0.322,0.2
Martin Ferris,0.222,0.279,0.514,0.343
D F Flannery,0.47,0.543,0.477,0.332
B C Byrnes,0.953,0.951,0.499,0.349
T G M Ryan,1.012,0.85,0.497,0.359
W J Lee,0.498,0.556,0.436,0.286
Mark Walsh,0.663,0.677,0.436,0.299
S M McGovern,1.137,1.022,0.48,0.333
Sean McDermott,0.35,0.451,0.427,0.274
K Hadnett,0.38,0.382,0.451,0.306
J F Levins,0.508,0.542,0.493,0.347
G Cotter,0.703,0.751,0.407,0.274
Arnaud Duchene,0,0,0.542,0.378
Mr Kevin Tobin,0,0,0.494,0.375
Howie Ephgrave,1.291,2.118,0.421,0.329
Robert Molloy,0.397,0.455,0.437,0.279
P A Carberry,0.612,0.659,0.495,0.339
Mr J P Sullivan,0.528,0.648,0.504,0.34
Jack Doyle,1.709,1.177,0.715,0.583
Barry Fenton,1.845,1.363,0.437,0.348
Mr Adrian Brown,0,0,0.119,0.043
P Holley,0.775,1.063,0.295,0.195
Mr J Cook,1.056,0.872,0.342,0.231
Paul Davey,0.775,1.166,0.555,0.382
Mr Wayne Lewis,0,0,0,0
Miss Sarah Robinson,4.649,2.528,0.667,0.606
Major Alex Michael,0,0,0.361,0.198
Johan Lindberg,0,0,0.056,0.009
M Mello,0,0,0.508,0.347
Robbie Moran,0.932,0.841,0.494,0.362
Mr T P Faulkner,0,0,0.444,0.395
Miss F Wilson,0,0,0.598,0.454
Mrs Charlotte Owen,0,0,0.667,0.444
Mr Marc Barber,0,0,0.464,0.329
Mr D S Jones,0,0,0.561,0.478
Mr T Vaughan,0,0,0,0
Mr W Oakes,0,0,0,0
James Millman,0.677,0.736,0.549,0.366
Pat Dobbs,0.782,0.758,0.465,0.308
S Righton,0,0,0.223,0.114
Craig Carver,0.43,0.876,0.349,0.191
Marvin Cheung,0,0,0.052,0.004
Jose de Souza,0,0,0.316,0.16
Miss Ashleigh Horton,0.387,0.71,0.331,0.193
Katia Scallan,0,0,0.606,0.406
Mrs E Evans,0,0,0.471,0.28
Mr S J Edwards,0,0,0.75,0.569
Miss Zoe Lilly,0,0,0.598,0.448
Mr Ashlee Price,0,0,0.556,0.309
Mr M J J Smith,1.66,0.994,0.589,0.443
Kylie Manser,1.835,1.574,0.464,0.328
Mr M D Hill,0,0,0.077,0.012
Mrs J M Berry,0,0,0.889,0.79
Miss Hayley Moore,0,0,0.449,0.262
Miss Sarah West,0,0,0.292,0.174
Gemma Gracey-Davison,0.894,0.932,0.546,0.38
Mrs H Wintle,0,0,0.25,0.125
Mrs S Moore,0.612,0.619,0.577,0.398
Mrs Sarah-Jane Fox,0,0,0.433,0.215
Mrs S Cumani,0,0,0.306,0.094
Miss C Nosworthy,0,0,0.327,0.14
Miss Joey Ellis,0,0,0.157,0.043
Mrs H Clubb,0,0,0.078,0.018
Robyn Brisland,0.363,0.778,0.216,0.108
Stephen Gray,0.209,0.283,0.397,0.237
Darren ODwyer,0,0,0.369,0.2
Miss Angharad Frieze,1.223,3.379,0.405,0.281
Lucy Gardner,1.835,2.437,0.438,0.318
Sean Quinlan,0.83,0.868,0.559,0.392
Mrs N Wilson,0,0,0.498,0.378
Miss J C Williams,1.453,1.141,0.614,0.466
Mrs K Harrison,0,0,0.436,0.236
Dawn Rankin,0,0,0.468,0.323
Miss P Robson,0.894,0.585,0.425,0.319
Nicky Lawes,0.612,0.527,0.445,0.281
Hugo Fellows,0,0,0.503,0.333
Mr C Davies,0,0,0.375,0.156
Chris Glenister,2.324,8.904,0.392,0.27
Jay Harris,0,0,0.377,0.238
Antony Procter,0,0,0.445,0.287
Mr H G Dowty,0,0,0,0
P Griffiths,0,0,0.308,0.176
Mr P Fahey,0.581,0.523,0.504,0.339
Rachael Green,1.453,1.623,0.512,0.393
Miss K James,0,0,0.539,0.445
Mr L Jefford,0,0,0.254,0.151
Mr D Weekes,0,0,0.299,0.139
Mr D McKenna,2.324,3.243,0.644,0.546
Mr Daniel Chinn,1.937,8.837,0.376,0.236
Mr P Sheldrake,0,0,0.634,0.419
Miss C Prouse,0,0,0.727,0.529
Mr Dominic Alers-Hankey,1.937,0.854,0.384,0.312
Gregoire Leenders,0,0,0.758,0.588
Mr C Heard,0,0,0.292,0.17
Mr M Sweetland,0,0,0,0
Miss V Stephens,1.937,3.635,0.383,0.263
Miss S Gaisford,4.785,3.721,0.627,0.543
Miss V Shaw,0,0,0.222,0.099
Mr W White,0,0,0.167,0.056
Miss J Congdon,0,0,0.429,0.227
Mr I Chanin,0,0,0.667,0.444
Mr D Pick,0,0,0.756,0.571
Mr N J Terry,0,0,0.515,0.284
Ryan Cummings,0.775,1.385,0.369,0.217
Charlie Wallis,0,0,0.279,0.156
Mr T Dennis,0,0,0.462,0.213
Mr N Pearce,0.387,0.441,0.291,0.169
Des Flavin,0.335,0.532,0.307,0.2
Mr S G Carey,0.375,0.438,0.442,0.281
Mr C D Thompson,0,0,0.566,0.421
Christopher Murray,0.93,1.29,0.443,0.304
Mr R Armson,0.363,0.558,0.3,0.205
Major H Norton,0,0,0.589,0.375
W A Worthington,0,0,0.435,0.302
Scott Marshall,1.107,1.272,0.429,0.302
Janice Webster,0,0,0.306,0.113
Miss J Hannaford,0,0,0.464,0.289
Miss M Sowerby,0,0,0.653,0.479
Miss Michelle Mullineaux,0,0,0.339,0.196
Miss V Ferguson,0,0,0.247,0.143
K May,0,0,0.323,0.152
John Brennan,0.83,0.679,0.509,0.338
Sean Yourston,0,0,0.178,0.04
Joseph Loveridge,0,0,0.361,0.199
Miss Frances Harper,0,0,0.181,0.042
Leon Harman,0,0,0.454,0.296
Dale Swift,0,0,0.384,0.186
Jamie Hamblett,1.66,1.883,0.464,0.321
Thierry Gillet,3.874,1.093,0.873,0.77
Bradley Roper,0,0,0.693,0.498
Debra England,0,0,0.631,0.477
Chris Timmons,3.874,2.432,0.626,0.47
Danny Grant,0.189,0.259,0.427,0.274
Brian Hughes,0.651,0.781,0.462,0.308
Mr R J Barrett,2.905,5.138,0.549,0.457
Mr R Langley,0,0,0.223,0.108
Mr M Thompson,0,0,0.354,0.188
Mr M Seston,1.453,1.137,0.558,0.416
Liam Berridge,0,0,0.319,0.214
Mr J A Richardson,0,0,0.304,0.161
Mr T Oates,1.66,1.567,0.526,0.486
Mr R Abrahams,2.905,1.078,0.719,0.554
Miss J Hollands,0,0,0.367,0.203
Mr J Muir,0,0,0.4,0.16
Dale Jewett,0,0,0.102,0.045
Mr R S Brown,0,0,0,0
Chris Hayes,1.096,0.902,0.567,0.415
Mr R C Morris,0,0,0.7,0.49
Stephen Cairns,0,0,0.613,0.461
Mr W Hogg,2.905,1.615,0.564,0.429
Mr J McShane,0,0,0.2,0.04
Terry Lucas,0.352,0.602,0.34,0.195
Mr A T Duff,1.094,1.094,0.555,0.412
Mr G Goldie,0,0,0.633,0.449
Mr Mehdi Lesage,5.811,8.311,0.773,0.649
Mr Michael Figge,0,0,0.909,0.826
Henrik Engblom,5.811,5.44,0.727,0.603
Jan-Erik Neuroth,0,0,0.348,0.122
Mr Diego Sarabia,0,0,0.091,0.008
Amy Routledge,0,0,0.446,0.331
Dominic Fox,0.465,0.595,0.414,0.266
Stephanie Bancroft,0.83,1.696,0.307,0.162
Mr W Russell,1.937,3.093,0.533,0.359
Daniel Hutchison,1.453,1.222,0.779,0.635
Mr Ross Birkett,0,0,0.454,0.296
Mr R Ramloll,0,0,0.25,0.062
Mr E Hartman,0,0,0.162,0.026
Mr P Jarvis,0,0,0.083,0.007
Luke Morris,1.453,1.117,0.45,0.318
Wayne Lordan,0.966,0.757,0.517,0.367
Mr S Peltell,0,0,0.455,0.353
Neil Walker,0.83,0.85,0.567,0.417
Mr A Walton,0,0,0.636,0.408
Mr G Brewer,0.968,0.642,0.565,0.424
Mr J Burley,0,0,0,0
Miss J Wickens,0,0,0,0
Mr A Braithwaite,0,0,0.083,0.042
Alex Merriam,0,0,0.563,0.355
Miss Vicky Simpson,0,0,0,0
Mr M Bennison,0,0,0.5,0.25
Mr George Greenock,0,0,0.6,0.36
Mrs S Hodge,0,0,0,0
Craig Messenger,0,0,0.326,0.163
Mr T F Woodside,3.874,2.331,0.59,0.472
Miss Claire Milne,0,0,0.167,0.028
Mr J Newbold,0,0,0.216,0.108
Mr A Hickman,0,0,0.468,0.34
Mr P G Hall,3.32,1.344,0.452,0.385
Chris Davies,1.291,1.585,0.341,0.244
Richard Killoran,0,0,0.556,0.416
Miss H Grissell,0,0,0.599,0.395
Mr R Bliss,0,0,0.398,0.319
Miss Rosemary Williams,0,0,0.083,0.014
Mr N Moore,0,0,0.312,0.197
Mr F Hutsby,0,0,0.083,0.014
Mr R Morgan,1.056,0.775,0.541,0.422
Mr N Bloom,0,0,0.667,0.444
Mr D Phelan,0,0,0.292,0.17
Mr N Benstead,0,0,0.333,0.111
Ms Lisa Stock,0,0,0,0
Mr Rupert Stearn,0,0,0,0
Gary Wales,0,0,0.246,0.066
Luke Smith,1.937,1.578,0.45,0.287
Pat McCabe,0,0,0.467,0.28
Russell Price,0,0,0.167,0.028
Tomas Bosak,0,0,0.6,0.36
Mr J Mead,0,0,0.4,0.16
Julian Marinov,0,0,0.727,0.529
Benoit Gicquel,0,0,0.917,0.84
Pierce Gallagher,0,0,0.303,0.162
N G McCullagh,1.02,0.819,0.539,0.381
T Mundry,0,0,0.333,0.111
Mr A Chahal,0,0,0.435,0.239
Mr M DArcy,0,0,0.497,0.261
Mr Joseph Akehurst,0,0,0.474,0.224
Mr D Collier,0,0,0.567,0.346
Mr Chris Martin,0,0,0.254,0.135
H Muya,0,0,0.548,0.314
Jean-Baptiste Hamel,0,0,0.889,0.79
Mlle Stephanie Husser,0,0,0.778,0.605
Mr O Sauer,0,0,0.667,0.444
Miss D Gillam,0,0,0.556,0.309
Miss J Patterson,0,0,0.444,0.198
Miss G Mathisen,0,0,0.222,0.049
D Grilli,0,0,0.111,0.012
Miss C Gatta,0,0,0.438,0.383
Mrs V Davies,0,0,0.418,0.218
Ms Sharon Hamilton,0,0,0.364,0.132
Miss V Haigh,0,0,0.273,0.074
Miss L Stead,3.874,2.896,0.626,0.462
N Bazeley,4.649,3.377,0.548,0.45
Mr R T A Tate,2.324,0.918,0.57,0.462
Mr B Woodhouse,2.905,1.791,0.744,0.626
Miss Nadine Forde,0,0,0.516,0.316
Miss W Gibson,0,0,0.395,0.258
Miss A Armitage,0,0,0.297,0.145
Miss S Cockerill,0,0,0.564,0.393
J J Behan,0.47,0.496,0.473,0.32
John Panas,0,0,0.234,0.056
Simon Pearce,0,0,0.671,0.463
Mr C Ellingham,0,0,0.389,0.203
Lee Edwards,0,0,0.406,0.252
Mr M Price,0,0,0.429,0.24
Mr John Ennis,0.43,0.334,0.575,0.423
David Verco,0,0,0.261,0.125
Joffret Huet,0,0,0.053,0.004
Miss S Beddoes,0,0,0.275,0.158
Mr D F Williams,0,0,0.3,0.09
Mr M Scales,0,0,0.275,0.141
Mrs A Hand,0,0,0.372,0.208
Mr B Gallagher,0,0,0.501,0.385
Miss Hannah Watson,0,0,0.338,0.231
Mr S Ross,0,0,0.267,0.142
Mr A Hanly,0,0,0.2,0.08
Mr A Sansome,0,0,0.333,0.111
Mr J Mahot,0,0,0.042,0.01
Miss Kelda Wood,0,0,0.111,0.037
Miss Rachel Reynolds,0,0,0.2,0.08
Mr M Rimell,0,0,0.826,0.694
Mr E OGrady,0.684,0.54,0.642,0.499
Mr J Thompson,0,0,0,0
Mr A Waugh,0,0,0.5,0.376
Mr P Cornforth,5.811,2.917,0.821,0.707
Mr Luke Morgan,1.453,0.59,0.625,0.533
Mr C Gillon,0,0,0.125,0.062
Alistair Findlay,0,0,0.15,0.112
Mrs L Ward,0,0,0.389,0.302
Miss G Swan,0,0,0.585,0.344
Miss R Cowie,0,0,0.312,0.102
Miss L Kendall,0,0,0.208,0.087
Miss C Metcalfe,2.905,1.957,0.707,0.58
Mr R W Green,0,0,0.55,0.305
Mr R Trotter,0,0,0.4,0.17
Mr D Slattery,0,0,0.701,0.505
Mr B R Hamilton,0,0,0.418,0.27
Miss J A Kidd,0,0,0.398,0.256
Richard Tierney,2.905,2.027,0.402,0.298
Mr P Lishman,0,0,0.25,0.125
Mrs K L Darmody,0,0,0.3,0.09
Mr T Lane,3.874,3.22,0.59,0.531
Miss Jodie Hughes,0,0,0.493,0.354
Carrie Ford,0,0,0.349,0.236
Miss A Hockley,0,0,0.385,0.148
Mr N A B Chapman,0,0,0,0
Mr E Imelov,0,0,0.167,0.083
Miss A L Stennett,0,0,0.538,0.343
Mr M Gorman,0,0,0.719,0.517
Mr R Wakeham,0,0,0.269,0.113
Mr W Kinsey,0,0,0.178,0.079
Cyrille Leveque,0,0,0.062,0.012
David Cullinane,0,0,0.667,0.444
W Dowling,0,0,0.378,0.237
James Halliday,0,0,0.333,0.111
Mr Jamie Alexander,0,0,0.286,0.163
Mr G Willoughby,0,0,0.434,0.192
Mr J Cookson,0,0,0.4,0.16
Miss K Bryson,0,0,0,0
Mr D Thomas,0,0,0.7,0.49
Mrs V Jackson,0,0,0.5,0.25
L Kasal,0,0,0.556,0.309
D Harold,0,0,0.478,0.269
Mr G Tuer,0,0,0,0
Mrs N Neill,0,0,0.771,0.605
Mr P Maitland-Carew,0,0,0.458,0.318
Mr M Ellwood,0,0,0.284,0.17
M Howard,1.107,0.995,0.461,0.328
Miss Angela Barnes,0,0,0.184,0.057
Mr E Magee,0,0,0.258,0.116
Miss T Harrison,3.874,1.047,0.583,0.521
Mr W Goldie,0,0,0,0
Diego Dias,0,0,0.414,0.25
Valdir De Souza,1.011,1.051,0.575,0.433
Mr A Brooke,0,0,0.07,0.011
Eddie Power,0.266,0.341,0.451,0.281
Mr Stuart Robinson,0,0,0.083,0.014
Mr M Keel,0,0,0.357,0.255
Mr M Morley,0,0,0,0
Mr H Kinchin,0,0,0,0
Chris Hough,0,0,0.313,0.175
Jennifer Ferguson,0,0,0.339,0.185
Miss J Powell,3.874,3.923,0.586,0.454
Miss Sarah-Jayne Davies,0,0,0,0
Miss Joanna Rees,0,0,0.556,0.455
Miss E Tucker,0,0,0.562,0.316
Miss A Bevan,0,0,0.31,0.112
Miss Karen Jewell,0,0,0.465,0.323
Mrs L Dace,1.66,3.011,0.495,0.367
Stuart Haddon,1.291,2.712,0.328,0.197
Mr A G Cash,0.968,1.784,0.454,0.269
Mr W M OSullivan,0,0,0,0
Miss C J Macmahon,0,0,0.46,0.299
Mr G Wragg,0,0,0.462,0.426
Mr J T Keeling,0,0,0.469,0.296
Daniel Howard,0.304,0.321,0.458,0.317
Ken Whelan,0.222,0.294,0.403,0.243
Alan Crowe,0.588,0.503,0.465,0.306
Niall P Madden,1.024,0.792,0.544,0.391
Ms K Walsh,2.299,1.418,0.638,0.486
Mr P J Millington,0,0,0,0
Ross Geraghty,0.484,0.515,0.425,0.285
Mr M Lurcock,0,0,0.244,0.107
Mr Jamie Jenkinson,0,0,0.35,0.179
Miss S Phizacklea,0,0,0.627,0.428
Miss Lorna Brooke,0,0,0.219,0.091
Mr T Ellis,0,0,0,0
Mr C Kilgour,0,0,0,0
Mr J Buxton,0,0,0,0
Mr A Wadlow,0,0,0.357,0.255
Miss J Houldey,0,0,0,0
Mr G P Wright,0,0,0,0
Mr K H Clarke,0.114,0.217,0.379,0.22
Johnny Farrelly,0.387,0.4,0.368,0.222
Mr Shaun Johnson,0,0,0.294,0.087
Michael Darcy,0.8,0.727,0.514,0.372
Mr K Green,0,0,0.504,0.382
Mr J Haley,0,0,0,0
Mr G Pewter,0,0,0.333,0.222
Mark Grant,0,0,0.432,0.261
P J Scallan,0,0,0.361,0.2
Mr J J Best,0,0,0.444,0.198
Miss Annika Kallse,11.621,4.5,1,1
Frau Paula Wolters-Flierman,0,0,0.75,0.562
Mme Nadia Volz,0,0,0.375,0.141
Miss E Johansson,0,0,0.236,0.056
Mme Catherine Rieb-Menard,0,0,0.125,0.016
Mrs Lucinda Crowley,0,0,0.833,0.694
Amy Ryan,3.874,2.978,0.589,0.44
Mr J P Magnier,1.595,0.602,0.692,0.549
Mr A M OBrien,0,0,0.438,0.235
M Dixon,0,0,0.667,0.444
T Burton-Pye,0,0,0,0
Craig Lidster,0,0,0.721,0.526
Mr Nicky Tinkler,0,0,0.295,0.1
Charlotte Kerton,2.324,2.464,0.481,0.375
E Legrix,0,0,0.778,0.605
Mr G Bissessur,0,0,0.636,0.405
James Banks,0,0,0.533,0.347
Mr T Thomas,0,0,0.379,0.2
Miss F Guillambert,0,0,0.457,0.294
Mrs Marie King,0,0,0.616,0.439
T Hellier,0,0,0.667,0.444
Gerald Mosse,5.811,5.25,0.857,0.755
E Botti,0,0,0.333,0.111
Antonio A Gallardo,0,0,0.375,0.141
Mr R Darke,0,0,0,0
Mrs Jo Supple,0,0,0.667,0.444
Miss B P Donnelly,0,0,0.147,0.071
Mr F Brennan,0,0,0.294,0.087
Joanna Badger,0,0,0.296,0.198
Gavin Faulkner,0,0,0.573,0.428
Mr D Cottle,5.811,4.964,0.7,0.58
Mr G Gallagher,0,0,0.75,0.562
Miss H Warbrick,0,0,0.4,0.16
Amy Kathleen Parsons,0.171,0.239,0.491,0.324
Miss Susannah Wileman,0,0,0.091,0.017
Manuel Santos,0,0,0.333,0.111
Shane Creighton,0,0,0.475,0.285
Sophie Doyle,0,0,0.817,0.667
Ms D Goad,0,0,0.333,0.111
Mr Sean Kerr,0,0,0.083,0.014
Mr Jim Lawless,0,0,0.25,0.125
D Manning,0,0,0.389,0.223
Miss Donna Handley,0,0,0.6,0.36
Mr O Cole,0,0,0.585,0.345
Miss F Turner,0,0,0.147,0.026
M Cotton,0,0,0.091,0.008
John Considine,0,0,0.045,0.004
Stephane Breux,1.056,0.814,0.56,0.433
Mr R Elliott,0,0,0.558,0.407
Mr J Burdon,0,0,0.458,0.226
Espen Ski,0,0,0.171,0.033
Francisco Da Silva,0,0,0.405,0.233
James Rogers,0,0,0.466,0.298
Jack Dean,0,0,0.322,0.164
K Pierrepont,1.788,2.03,0.566,0.406
T Williams,0,0,0.346,0.183
A Beech,5.811,1.191,0.8,0.68
S Archer,0,0,0.273,0.074
T Woodley,0,0,0.192,0.074
Manav Nem,0,0,0.089,0.012
Dawn Watson,0,0,0.508,0.301
Miss A L Turner,0,0,0.304,0.122
Mr A Swinswood,0,0,0.133,0.02
Miss S Harler,0,0,0,0
Carlo Fiocchi,0,0,0.747,0.589
L Brewer,0,0,0.083,0.007
Miss C Grime,0,0,0.135,0.029
Miss Sonia Eaton,3.874,4.653,0.838,0.72
Adam Carter,0,0,0.603,0.367
Silvestre De Sousa,0,0,0.3,0.144
Miss Alex Wells,0,0,0.846,0.716
Mr M Bailey,0,0,0.769,0.592
Miss S Sawyer,0,0,0.279,0.125
Miss M Hugo,0,0,0.429,0.184
Mr J Handley,0,0,0.143,0.02
Miss C Roddick,7.748,2.516,0.667,0.667
M P Watts,0.836,0.809,0.528,0.366
Mr T Gardham,0,0,0.519,0.352
Mr J Ravenall,0,0,0.375,0.141
Miss R Bastiman,0,0,0.338,0.132
Miss Jessica Holt,0,0,0.154,0.024
Miss J Sayer,3.874,2.341,0.814,0.684
Garry Whillans,0,0,0.41,0.271
Mr N McKnight,0,0,0.375,0.197
A E Lynch,0.708,0.764,0.465,0.312
Mr J P McKeown,0.637,0.637,0.46,0.309
Mr R M P McNally,0,0,0.188,0.072
Mr L Hamilton,0,0,0.5,0.25
Mr S Stockley,0,0,0.111,0.025
B McLean,0,0,0.662,0.493
Paul Hamblin,1.66,1.114,0.614,0.443
B Scott,1.66,1.499,0.333,0.233
Holly Hall,0,0,0.373,0.256
Miss C Scott,0,0,0.344,0.178
Mr J Rees,0,0,0.375,0.141
Mr O Marsh,0,0,0.222,0.049
Mr C Kester,0,0,0,0
Alan Creighton,0,0,0,0
G Hind,0,0,0.46,0.22
Mrs S Owen,0,0,0.309,0.107
Miss L Baldwin,0,0,0.667,0.444
Mr John Evans,0,0,0.111,0.025
Mrs R Powell,0,0,0.545,0.325
Mrs I De Best,0,0,0,0
Mr K Ford,0,0,0.212,0.06
Miss Nicola Craggs,0,0,0.9,0.81
Mr Stephen Harrison,0,0,0.6,0.36
Natalie Hassall,0,0,0.495,0.248
Miss D Allman,0,0,0.5,0.25
Miss S Stokes,0,0,0,0
Mr P Roche,1.453,0.905,0.546,0.394
Mrs Fleur Hawes,0,0,0.083,0.007
Miss S L Watson,0,0,0,0
Patricia Stainton,0,0,0.182,0.033
Mr J Bond,0,0,0.333,0.111
Michael Hussey,0.495,0.521,0.448,0.281
Mr J D Nolan,0,0,0.444,0.198
Mr R V Moore,0,0,0.941,0.886
Miss Karen Peippo,0,0,0.647,0.419
D Gallagher,2.324,1.643,0.499,0.368
Lt Col O Ellwood,0,0,0.639,0.427
Capt Tim Edwards,0,0,0.204,0.057
Major Beverley Tunley,0,0,0.277,0.1
Maj Harry Wallace,0,0,0.714,0.51
Mr Will Ramsay,0,0,0.476,0.354
Lt Col Erica Bridge,0,0,0.143,0.02
Col R Webb-Bowen,0,0,0,0
Mr L Hicks,0,0,0.286,0.082
Mrs Freya Brewer,0,0,0.299,0.143
Mr M Briggs,0,0,0,0
Mr G OSullivan,0,0,0,0
Martin Mooney,0.74,0.746,0.414,0.284
Mr Ian Howe,0,0,0.231,0.107
Ms D Harding,0,0,0.6,0.36
Mr T Park,0,0,0,0
Mr P Bull,0,0,0,0
Miss Lisa Marriott,0,0,0.062,0.004
Mr Loek Van Der Ham,0,0,0.364,0.132
Mr C Von Ballmoos,0,0,0.273,0.074
Jean-Francois Doucet,0,0,0.429,0.184
A Hindley,0,0,0,0
Mr B Shaw,0,0,0.333,0.111
Mr T Bishop,0,0,0.556,0.309
Mr D Drake,0,0,0.222,0.099
Miss R Booth,0,0,0.467,0.218
Danny Burton,0,0,0,0
Mr Byron Moorcroft,0,0,0.8,0.64
Mr Anthony Knott,0,0,0.667,0.444
Mr D Renney,0,0,0.546,0.32
Miss K Hobbs,0,0,0.167,0.028
Mr D J Oakden,0,0,0,0
Mr D Roche,1.011,0.968,0.513,0.346
Miss U Moore,0,0,0.583,0.34
Miss I Pickard,0,0,0.417,0.174
Mr Matthew Sollitt,0,0,0.143,0.02
Jacques Ricou,11.621,4.5,1,1
Mr J R Barlow,0,0,0,0
Spike Bolton,0,0,0.375,0.141
C Moulden,0,0,0.154,0.024
Mr L Gibson,0,0,0.023,0.001
Mr P J Cosgrave,0,0,0.296,0.154
O Kelly,0,0,0.327,0.153
Mr G Shenkin,0,0,0.455,0.207
Seamie Heffernan,0.838,0.638,0.466,0.327
Adrian Lane,0.108,0.123,0.444,0.281
John Allen,0.872,0.934,0.497,0.356
Robbie Colgan,0.724,0.721,0.468,0.318
Mr B S Carey,0.66,0.949,0.475,0.325
D M Bean,0,0,0.322,0.155
J R Ryan,0,0,0.384,0.228
S J Hassett,0,0,0.331,0.17
A B Joyce,0.179,0.189,0.433,0.261
Andrew Leigh,0.226,0.271,0.42,0.264
Mr C Motherway,0.917,0.909,0.517,0.357
M P Butler,0.211,0.358,0.387,0.229
Miss E Doyle,0.247,0.224,0.509,0.344
W Slattery,0.447,0.573,0.47,0.305
Mr P Cashman,0.714,0.509,0.546,0.399
Mr D MacAuley,0.968,1.014,0.449,0.31
Mr J T Carroll,0,0,0.441,0.27
Mr W J McLernon,0,0,0.597,0.442
Mr R Flavin,0,0,0.272,0.168
Mr D Murphy,0.953,0.685,0.517,0.376
Phillip Enright,0.197,0.27,0.342,0.203
Mr J J Codd,0.807,0.557,0.502,0.36
Mr A K Wyse,1.585,0.95,0.453,0.293
Shane Jackson,0,0,0.475,0.272
Mr C Moran,0,0,0.289,0.157
Mr D J Miley,0,0,0.179,0.033
Tommy Treacy,0.553,0.585,0.426,0.292
P W Flood,1.099,0.984,0.541,0.397
Mr G J Power,0,0,0.46,0.299
Kevin Coleman,0.94,0.905,0.485,0.352
Tadhg OShea,0.855,0.756,0.503,0.355
W J OConnor,0.176,0.211,0.424,0.261
Christopher Geoghegan,0.707,0.642,0.5,0.337
Rory Cleary,0.885,0.787,0.511,0.346
Barry Savage,0,0,0.256,0.113
P Shanahan,0.911,0.73,0.5,0.344
Shane Gorey,0.592,0.675,0.452,0.293
Olive Gaule,0,0,0.285,0.149
R M Burke,0.84,0.907,0.483,0.333
Anthony Freeman,0.704,0.862,0.478,0.338
Adrian OShea,0.155,0.341,0.273,0.137
Eoin McCarthy,1.328,1.986,0.505,0.353
Mr T Feeney,0,0,0.3,0.156
Mr J S Fennessy,0,0,0.41,0.22
Mr R L Cully,3.874,3.122,0.536,0.397
Mr J T Rath,0,0,0.308,0.133
Mr C Cully,1.341,1.607,0.429,0.285
J P Fortune,0.291,0.405,0.411,0.268
Roger Loughran,0.701,0.575,0.502,0.356
Mr J F OMeara,0.447,0.417,0.573,0.4
Mr B Connell,2.583,1.416,0.589,0.453
Mr T P Gillespie,0,0,0.5,0.348
Mr J Connolly,0,0,0.404,0.172
Mr M T Slevin,0,0,0.154,0.024
Mr K F C OBrien,0,0,0.47,0.306
Mark Quinlan,0,0,0.483,0.381
Tom Molloy,0.684,0.766,0.518,0.374
D G Hogan,0.392,0.424,0.461,0.304
Mr T G Freyne,1.011,0.729,0.52,0.399
D P Maher,0.394,0.547,0.436,0.268
Mr R OSullivan,0.27,0.255,0.488,0.325
Lenny Flynn,1.107,0.853,0.547,0.403
Mr S J Allen,0,0,0.578,0.357
Mr J J Feane,0.283,0.216,0.594,0.451
Mark Sullivan,0,0,0.293,0.184
Mr Steven E Ryder,0.287,0.517,0.309,0.165
Robert Dunne,0.367,0.39,0.429,0.289
L D Cribbin,0,0,0.294,0.093
Martin Lane,0.465,0.545,0.461,0.299
Jamie Moriarty,0.472,0.394,0.485,0.324
Miss Evanna McCutcheon,0,0,0.554,0.373
Alain Cawley,0,0,0.3,0.139
D J Moran,0.34,0.383,0.392,0.256
Eoin Michael Kelly,0,0,0.462,0.274
M P Madden,0,0,0.423,0.251
Mr T ONeill,3.874,2.154,0.511,0.446
Miss L A Hourigan,0.775,0.842,0.43,0.256
Miss A Foley,1.263,1.431,0.577,0.42
Miss H A Smith,0,0,0.376,0.197
Mr C McSweeney,0,0,0.361,0.161
Miss C A OBrien,0,0,0.241,0.075
Brian Cawley,0,0,0.377,0.18
Niki OShea,0.649,0.604,0.527,0.374
Ian Power,0.232,0.288,0.449,0.286
D Fisher,0,0,0.135,0.045
Mr M Fahey,0.352,0.402,0.545,0.374
Cathy Gannon,0.516,0.466,0.485,0.327
Derek Stamp,0,0,0.289,0.132
S D Finnamore,0,0,0.447,0.262
Susan Hickey,0,0,0.331,0.194
E M Butterly,0.94,0.885,0.495,0.344
Mr J E Burns,0.968,1.363,0.49,0.345
M M McNiff,0,0,0.448,0.278
J M Sheehy,0.726,1.157,0.304,0.185
Declan Queally,0,0,0.465,0.242
Mr D Whelan,0,0,0.248,0.092
Mr A W Pierce,0,0,0.277,0.114
Mr N T Slevin,0,0,0.427,0.192
Mr S McGonagle,0,0,0.547,0.398
Mr S C Byrne,0,0,0.2,0.04
S Hunter,0.628,0.732,0.472,0.327
P B Beggy,0.767,0.813,0.421,0.273
Niamh Murphy,0,0,0.255,0.09
Dermot McLoughlin,0.894,1.13,0.422,0.25
Helen Keohane,0.283,0.413,0.373,0.222
Mr J M Barcoe,0.447,0.495,0.56,0.425
Mr F T Moore,0,0,0.41,0.269
Mr J A Fahey,0.684,0.817,0.465,0.295
Mr G M Mangan,0,0,0.48,0.301
Mr D G Porter,0,0,0.352,0.195
Mr A E Kinirons,0,0,0.354,0.18
Matthew Bowes,0,0,0.51,0.35
Mr R J Kiely,0.298,0.335,0.442,0.303
P F ODonnell,0,0,0.406,0.174
Mr J D Moore,0.801,0.867,0.525,0.394
D P Fahy,1.49,1.3,0.518,0.384
Mr P J McGarry,0,0,0,0
Mark Flanagan,0,0,0.336,0.182
Joseph Holly,0,0,0.285,0.106
Mr R M Hennessy,0.83,1.058,0.456,0.303
Mr B E Fox,0,0,0,0
D T Evans,0.796,0.889,0.398,0.251
Mr N W OReilly,0,0,0.382,0.182
M T Mannion,0,0,0.198,0.064
Mark Bolger,1.056,0.843,0.531,0.367
Mr C M Murphy,0,0,0.51,0.363
Mr P J Casey,0,0,0.393,0.22
J P Murphy,1.056,1.488,0.468,0.292
S P McCann,0.456,0.758,0.36,0.211
Mr J O Finnegan,0,0,0.488,0.29
Mr P G Murphy,1.107,0.589,0.561,0.424
Mr K Mockler,0,0,0.466,0.248
Mr P M Byrne,0,0,0.415,0.221
Mr D Kelly,0,0,0.36,0.197
M A Cleere,0,0,0.436,0.271
Mr K McCrossan,0,0,0.214,0.046
Keith Maher,0.517,0.602,0.443,0.292
S Q Raza,0,0,0.376,0.186
M A Phillips,0,0,0.387,0.246
Elizabeth Sheehan,1.025,0.993,0.546,0.408
Karen Kenny,0,0,0.207,0.07
Ella Marie Fitzgerald,0,0,0.419,0.197
D Quigley,0,0,0.154,0.04
Mr C P McNally,0,0,0.216,0.099
W J Cafferty,0.704,0.97,0.433,0.263
Mr J J King,0.43,0.443,0.533,0.384
M OConnor,0,0,0.25,0.123
Mr D M Duggan,0,0,0.567,0.418
Mr J M Burke,0,0,0.588,0.397
Mr P T Murphy,0,0,0.083,0.014
Mr G Hassett,0,0,0.196,0.07
Mr J M Cahill,0,0,0.376,0.192
Rob McCarth,0,0,0.435,0.229
Mr W Hayes,0,0,0.091,0.008
Caroline Moody,0,0,0.143,0.041
A J Grange,0,0,0.179,0.036
Mr R J Egan,0,0,0.401,0.164
Mr N McParlan,1.291,1.393,0.447,0.35
Mr D J English,0,0,0.322,0.224
Mr T J Beattie,0,0,0.223,0.058
Kieran ONeill,0,0,0.4,0.221
K F McDonagh,0,0,0.484,0.338
Mrs Pauline Condon,0.968,0.825,0.673,0.501
Mr C J Murray,1.291,2.474,0.448,0.312
Mr R J Hume,0,0,0.468,0.244
Mr D P Coakley,0,0,0.308,0.095
S P Wilson,0,0,0.459,0.273
P D Nolan,0,0,0.226,0.087
Frances Kelly,0,0,0.45,0.205
Miss J Geraghty,0.684,0.754,0.439,0.314
Mr B M Walsh,0,0,0.339,0.147
Brian OConnell,0.646,0.775,0.468,0.315
Derek McCormack,0.197,0.333,0.305,0.164
Mr A A Howard,0,0,0.273,0.134
Mr J C Rogers,0,0,0.5,0.25
Oliver Casey,0,0,0.393,0.181
Conor Maxwell,0,0,0.434,0.234
Ms K Ferris,0,0,0.295,0.168
Miss L C Williams,0.775,0.541,0.624,0.445
Miss M M Gannon,0.484,0.769,0.468,0.282
Miss S J Leahy,0,0,0.291,0.116
Miss E Byrne,0,0,0.083,0.007
Mairead McGrath,0,0,0.222,0.128
Mr S L Wrynn,0,0,0.392,0.16
Mr J O McGrath,0,0,0.345,0.269
Mr E Norris,0,0,0.429,0.236
Mr A Walker,0,0,0.474,0.224
Mr S P Tynan,0,0,0.16,0.039
W O Callaghan,0,0,0.454,0.279
Miss D Ryan,0,0,0.408,0.256
Ms C Hutchinson,0,0,0.476,0.273
Miss D Duggan,0,0,0.356,0.188
Miss M McArdle,0,0,0.302,0.12
Miss L Murphy,0,0,0.537,0.403
Miss G M OCallaghan,0,0,0.088,0.016
Miss M D Cox,0,0,0.22,0.062
Mr M J Walsh,0.553,0.833,0.555,0.382
Robbie McNamara,0.637,0.666,0.567,0.402
Mr P Tobin,0,0,0.526,0.348
Mr A P Keatley,0,0,0.19,0.051
C I Goodwin,0,0,0.424,0.232
Richie McLernon,0,0,0.416,0.218
Mr T M Cleary,0,0,0.487,0.331
Mr T P OKeeffe,0,0,0.417,0.174
Mr G OLoughlin,0,0,0.111,0.014
Mr T P Hyde,2.324,0.72,0.527,0.438
D A Murphy,1.788,1.626,0.499,0.341
Mr D C OConnor,0,0,0.537,0.358
Mr B J OConnor,0,0,0.311,0.138
Declan Cannon,0,0,0.441,0.25
Mr P T Foley,0,0,0.279,0.099
Mr J G Sheehan,0,0,0.369,0.183
Martin Burke,0,0,0.352,0.174
Mr S O OBrien,0,0,0.609,0.399
Mr D J Foster,0,0,0.412,0.305
Mr B Cosgrove,0,0,0.179,0.034
Mr E Gallagher,0,0,0.263,0.069
Mr S M ODonovan,0,0,0.389,0.306
Mr J W Hannon,0,0,0.584,0.378
Mr L J Donnelly,0,0,0.115,0.019
James Sullivan,0,0,0.41,0.221
S J Williams,0,0,0.378,0.193
Miss E Connolly,0,0,0.393,0.189
Miss J Tyrrell,0,0,0.091,0.008
Miss D ONeill,0,0,0.267,0.099
Mr M J Scallan,0,0,0.494,0.307
Mr S M ODonoghue,0,0,0.486,0.289
Mr M D Hickey,0,0,0.548,0.364
Andrew Coonan,0,0,0.372,0.22
Mr M A Cahill,0,0,0.447,0.277
Mr A J Hogan,0,0,0.495,0.351
V T Keane,0,0,0.477,0.302
D Mason,0,0,0.232,0.113
J J Mullins,0,0,0.23,0.079
Michael T Doyle,0,0,0.526,0.277
I Browne,0,0,0.312,0.175
Sean Levey,0.726,0.383,0.533,0.348
Mr T D Carberry,0,0,0.585,0.372
Mrs J Delahunt,0,0,0.577,0.354
J F De Sousa,0,0,0,0
Mr M F Hassett,0,0,0.351,0.138
K Schous,3.874,4.006,0.511,0.409
A Hatta,0.775,1.187,0.512,0.313
Miss C Cashman,0,0,0,0
A Aldubaili,0,0,0.178,0.041
Damien Moran,1.937,2.236,0.378,0.227
Paddy Kennedy,0,0,0.555,0.39
Mr T Addis,0,0,0.167,0.056
Katie McManmon,1.056,1.577,0.543,0.365
K Keogh,0,0,0.33,0.138
Gabriele Congiu,0,0,0.429,0.367
Paolo Sirigu,0,0,0.786,0.617
Fabien Lefebvre,0,0,0.714,0.51
Steeve Devesse,0,0,0.643,0.413
G Virdis,0,0,0.5,0.25
Nicola Pinna,0,0,0.429,0.184
Maxime Le Galliard,0,0,0.357,0.128
M F Sutton,0,0,0.217,0.049
F J Flood,1.55,0.777,0.444,0.311
Mr James John Ryan,0,0,0.342,0.187
Mr S Keating,0,0,0.165,0.069
Mr D N Kiernan,1.937,2.893,0.53,0.365
Mr S C Burke,0,0,0.367,0.156
Mr P J A Casey,0,0,0.379,0.173
Mr E F Linehan,0,0,0.371,0.223
Mr P McNeilly,0,0,0.518,0.328
Mr M P McCabe,0,0,0.429,0.184
Mrs A Lee,0,0,0.592,0.416
Miss J E Kidd,0,0,0.386,0.183
Miss C Brennan,0,0,0.357,0.128
Miss A S Parkes,0,0,0.095,0.014
Ms Sinead OKeeffe,0,0,0.09,0.015
Miss Seonaid Renton,0,0,0.332,0.132
Miss Diane Duffy,0,0,0,0
Mr Thomas Coyle,0,0,0.347,0.186
Mr G J McGoldrick,0,0,0.214,0.046
Mr D B Cooper,0,0,0.267,0.139
Mr F Windsor Clive,0,0,0.384,0.227
Mr P A King,0,0,0.364,0.222
Mr N Halley,0,0,0.282,0.079
A P Fagan,0.465,0.587,0.463,0.316
L J Fleming,0.505,0.573,0.407,0.269
Mr W G Rankin,1.937,2.452,0.536,0.33
Mr P McAleese,0,0,0.723,0.54
Mr M J Henry,0,0,0.25,0.125
Mr L J Gracey,0,0,0.504,0.259
Miss H L Kelly,0,0,0.313,0.127
Miss Holly Curran,0,0,0.139,0.039
P E Ryan,0,0,0.242,0.106
G Martin,0,0,0.268,0.095
Mr C Tully,0,0,0.887,0.79
Mr P Duggan,0,0,0.283,0.173
Mr R M McCaul,0,0,0.309,0.121
Mr S McCullagh,0,0,0.368,0.136
Mr J J Canavan,0,0,0.026,0.001
Miss H J Bolger,0,0,0.333,0.111
Mr B J Donovan,0,0,0.222,0.049
Mr J G Widger,0,0,0.556,0.309
Mr P C Greeves,0,0,0.473,0.349
Miss C J McMahon,0,0,0.875,0.766
Mr M M OConnor,0,0,0.444,0.351
Mr C McCavana,0,0,0.75,0.562
Mr G A Neilan,0,0,0.473,0.314
Darren Nagle,0,0,0.654,0.429
Mr H Shearman,0,0,0.059,0.007
John Tobin,0,0,0.359,0.204
Mr P J Crowley,1.788,2.077,0.382,0.27
Mr F P Cunningham,0,0,0.412,0.288
Mr J A Collins,0,0,0.176,0.031
Miss L Dowdall,0,0,0.476,0.227
Mr A Fleming,0,0,0.371,0.214
K T Hogan,0,0,0.058,0.01
Brian Hayes,0,0,0.58,0.361
Mr P J ONeill,0,0,0.297,0.187
Aodhagan Conlon,0,0,0.254,0.088
Mr E D Reilly,0,0,0.19,0.036
M P Snee,0,0,0,0
Cathal Landers,0,0,0.471,0.221
Mr Michael J Murphy,0,0,0.564,0.326
Miss K L Ayre,0,0,0.255,0.065
Mr P Magee,0,0,0.282,0.086
Mr S McMahon,0,0,0.138,0.019
D M Somers,0,0,0.129,0.018
Mr J King,0,0,0.65,0.478
Mr Daniel Keenan,0,0,0.161,0.049
M P Fahy,0,0,0.206,0.063
Charles Greene,0,0,0.345,0.132
Mr M C Grassick,0,0,0.444,0.198
Mr C J Warren,0,0,0.294,0.087
Mr M Noone,0,0,0.366,0.173
Tracie Jade Harvey,0,0,0.114,0.013
Mr R J Tierney,1.056,1.139,0.538,0.432
Shane Butler,0,0,0.342,0.176
Miss R Harney,0,0,0.66,0.47
Mr P J Hayes,0,0,0.088,0.016
Tony Kelly,0,0,0.625,0.391
Adam ONeill,0,0,0.3,0.148
Mr J D Dullea,0,0,0.2,0.04
Mr B J Kelly,0,0,0.464,0.314
Mr P M Cloke,0,0,0.368,0.136
Mr M C Flannery,0,0,0.938,0.879
Mr B OSullivan,0,0,0.434,0.273
Mr B O Walsh,0,0,0.322,0.163
Mr J A Griffin,0,0,0.283,0.127
Miss K J Harrison,0,0,0.5,0.34
Mr N B Durkan,0,0,0.471,0.221
Mr S McHugh,0,0,0.722,0.522
Miss S McDonogh,0,0,0.329,0.257
Miss A OBrien,0,0,0.495,0.311
Miss R ONeill,0,0,0.407,0.281
Mr M O Quigley,0,0,0.1,0.02
Mr C T Kidd,0,0,0.235,0.055
Miss D Pierce,0,0,0.6,0.36
Miss R McCann,0,0,0.5,0.25
J G Brennan,0,0,0.557,0.365
Mr D J Cullen,0,0,0.5,0.253
Mr J P Butler,0,0,0.085,0.011
Miss S Lang,0,0,0.24,0.063
Mr S Clancy,0,0,0.353,0.125
Sean Flanagan,0,0,0.538,0.304
Mr E C Tobin,0,0,0.146,0.036
Mr J P Dowling,0,0,0.308,0.1
Mr P N Collins,0,0,0.415,0.194
Mr J G Bennett,0,0,0.089,0.024
Mr J Conheady,0,0,0.135,0.023
T A Naughton,0,0,0.122,0.023
C Durden,0,0,0,0
Philip Dempsey,0,0,0.25,0.125
Mr R W Manton,0,0,0.294,0.087
Miss S J Harty,0,0,0.333,0.111
J H Maguire,0,0,0.219,0.067
Robbie Egan,0,0,0.059,0.003
Mr B D ONeill,0,0,0.111,0.012
Ian McCarthy,0,0,0.074,0.016
Mr D J OConnell,0,0,0.413,0.193
Mr D Halley,0,0,0.062,0.004
Mr W J Farrelly,0,0,0,0
Mr C Walsh,0,0,0.571,0.327
Mr M G Coleman,0,0,0.246,0.064
Mr J M Earls,0,0,0.067,0.009
Mr J Beamish,0,0,0.625,0.391
Miss J Foley,0,0,0.133,0.018
Mr E P Wickham,0,0,0.857,0.735
Mr P W Mullins,0,0,0.641,0.43
Mr P D Collins,0,0,0.286,0.082
Mrs G Daly,0,0,0,0
Ms M Sullivan,0,0,0.462,0.426
Miss A Gallagher,0,0,0.615,0.379
Mr E Lynch,0,0,0.186,0.046
Mr D W Macauley,0,0,0.143,0.02
Mr G J Harford,0,0,0.154,0.024
Mr R P Geoghegan,0,0,0.079,0.012
T Gibney,0,0,0.553,0.401
D Carey,0,0,0.24,0.063
Miss A H McDonogh,0,0,0.27,0.1
J M Delaney,0,0,0.2,0.04
Mr Shane Joseph Kelly,0,0,0.099,0.011
Mr F J Coonan,0,0,0.118,0.014
Mr J Halley,0,0,0.85,0.723
Mr A M Keane,0,0,0.75,0.562
Mr P Osborne,0,0,0.05,0.005
Mr M P Reay,0,0,0.917,0.84
R D Jones,0,0,0.023,0.001
Miss S Gavin,0,0,0.19,0.036
I G Grant,0,0,0.136,0.019
Miss T Doran,0,0,0.318,0.101
Mr J M Cullen,0,0,0.052,0.003
Mr P E I Newell,0,0,0.412,0.17
Mr J L Wilkinson,0,0,0.059,0.003
Mr E J Raher,0,0,0.279,0.127
Mr C J Swords,0,0,0.292,0.085
Mr W F Codd,0,0,0.692,0.479
Mr J Cash,0,0,0.333,0.222
Miss Rachel McGuigan,0,0,0,0
J D ONeill,0,0,0.292,0.085
Mr D OHalloran,0,0,0,0
Mr J J Sheridan,0,0,0.043,0.002
Mr B D Duggan,0,0,0.174,0.03
Mr D L Mulcaire,0,0,0.153,0.028
Miss K A Martin,0,0,0.5,0.25
D A M Kelly,0,0,0,0
Mr L Corbally,0,0,0.036,0.003
Miss M A Dagg,0,0,0.375,0.141
Mr D Gannon,0,0,0.438,0.207
Mr M J Doran,0,0,0.071,0.005
Miss S Cox,0,0,0,0
Declan OShea,0,0,0,0
Mr D P Nagle,0,0,0.727,0.529
Mr D F Bourke,0,0,0.176,0.031
M G Cleary,0,0,0.615,0.379
Miss M L Hallahan,0,0,0.8,0.64
Mr N W ONeill,0,0,0.286,0.082
A C Browne,0,0,0.385,0.148
Mr C Dunne,0,0,0.286,0.082
Mr E F Gallagher,0,0,0.286,0.082
Miss D M OShea,0,0,0.429,0.184
Mr B P Walsh,0,0,0.5,0.25
Mr D F Barry,0,0,0.211,0.044
Miss P M Lalor,0,0,0.105,0.014
Mr K T Foy,0,0,0.395,0.312
Mr A Ryan,0,0,0.065,0.009
Mr J Halligan,0,0,0,0
G J Lawlor,0,0,0,0
Miss B J McEvoy,0,0,0,0
Mr Damien Skehan,0,0,0.474,0.224
Mr B Slattery,0,0,0,0
Mr M G Purcell,0,0,0.947,0.898
David Splaine,0,0,0.421,0.177
Mr R B Tyner,0,0,0.048,0.002
Mr D M Spillane,0,0,0.167,0.028
Mr J M OConnor,0,0,0,0
Mr Philip Thomas,0,0,0.364,0.132
Miss I Kohlweiss,11.621,4,1,1
Alison Edel Kelly,0,0,0,0
