sire,IV,A/E,PRB,PRB2
Overbury (IRE),0.824,0.734,0.485,0.343
Croco Rouge (IRE),0.792,0.606,0.518,0.365
Charnwood Forest (IRE),0.848,0.775,0.462,0.311
Luchiroverte (IRE),0.528,0.44,0.387,0.276
Hernando (FR),1.32,0.907,0.54,0.39
Emperor Fountain (GB),0.632,0.763,0.448,0.288
Saint Preuil (FR),1.453,0.934,0.55,0.411
Daylami (IRE),0.853,0.593,0.509,0.352
Prince Daniel (USA),0.775,0.792,0.366,0.238
Compton Place (GB),0.974,0.807,0.512,0.367
Timeless Times (USA),0.677,0.706,0.474,0.324
Formidable I (USA),0.612,0.611,0.652,0.486
Sabrehill (USA),1.411,1.149,0.504,0.37
Beveled (USA),1.028,0.919,0.488,0.34
Distinctly North (USA),0.968,0.964,0.417,0.289
Foxhound (USA),0.829,0.699,0.513,0.365
Batshoof (GB),0.314,0.282,0.49,0.333
Flying Spur (AUS),0.779,0.716,0.463,0.324
Shaamit (IRE),0.781,0.806,0.429,0.289
Commanche Run (GB),0.861,0.83,0.453,0.31
Sadlers Wells (USA),1.401,0.833,0.516,0.379
Deep Society (GB),0,0,0.419,0.324
Midnight Legend (GB),1.291,1.218,0.552,0.421
Husyan (USA),1.312,0.982,0.524,0.401
Polar Falcon (USA),0.904,0.716,0.512,0.361
Minster Son (IRE),0.935,0.819,0.463,0.33
Deploy (GB),1.235,1.045,0.482,0.341
Super Imposing (NZ),3.32,1.61,0.756,0.608
Dancing Spree (USA),0.775,0.878,0.459,0.3
Mister Baileys (GB),0.999,0.889,0.493,0.338
Night Shift (USA),1.186,0.985,0.488,0.342
Royal Applause (GB),1.072,0.857,0.515,0.365
Caerleon (USA),1.384,1.159,0.517,0.371
Be My Native (USA),1.409,0.973,0.497,0.371
Darshaan (GB),1.655,1.024,0.545,0.409
Bobs Return (IRE),0.715,0.599,0.468,0.33
Jolly Jake (NZ),0.451,0.335,0.444,0.312
Phardante (FR),0.751,0.663,0.444,0.31
Jupiter Island (GB),0.632,0.699,0.445,0.313
Dancing High (GB),1.162,0.88,0.48,0.373
Afzal (IRE),0.88,0.737,0.406,0.294
Alywar (USA),3.058,2.871,0.557,0.43
Rock Hopper (GB),0.327,0.353,0.419,0.271
Dom Alco (FR),2.513,1.147,0.591,0.491
Lord Americo (IRE),0.763,0.653,0.483,0.345
Victory Note (USA),0.825,0.723,0.508,0.349
Green Dancer (USA),0.581,0.637,0.423,0.281
Bob Back (USA),1.16,0.755,0.53,0.397
Handsome Halo (ARG),5.811,4.444,0.5,0.5
Alzao (USA),1.113,0.886,0.502,0.361
Barathea (IRE),0.819,0.662,0.469,0.322
Alhijaz (GB),1.332,1.206,0.497,0.358
Fraam (GB),0.976,0.919,0.483,0.339
Pursuit Of Love (GB),0.823,0.698,0.481,0.335
Teamster (GB),1.223,1.016,0.469,0.321
General Monash (USA),0.789,0.759,0.454,0.302
Indian Ridge (IRE),1.261,0.873,0.558,0.411
Spinning World (USA),1.428,1.142,0.516,0.376
Danzig Connection (USA),0.687,0.674,0.452,0.298
Desert Style (IRE),0.98,0.798,0.497,0.347
Cloudings (IRE),1.098,1.139,0.462,0.325
Catrail (USA),0.616,0.563,0.422,0.277
Averti (IRE),0.968,0.986,0.451,0.304
Defacto I (USA),0.204,0.53,0.315,0.178
Presenting (GB),1.116,0.865,0.513,0.374
Brief Truce (USA),0.726,0.549,0.523,0.382
Supreme Leader (GB),1.309,0.872,0.529,0.398
Rakaposhi King (GB),0.885,0.796,0.457,0.311
Jurado (USA),0.985,0.821,0.467,0.335
Dolphin Street (FR),0.879,0.785,0.49,0.344
Prince Of Praise (NZ),0,0,0.204,0.084
Robellino (USA),0.866,0.742,0.489,0.332
Cayman Kai (IRE),0.342,0.368,0.467,0.306
Announce (USA),0,0,0.444,0.198
Kingsinger (IRE),1.278,1.69,0.463,0.321
Mind Games (GB),0.631,0.65,0.444,0.299
Anshan (GB),1.019,0.79,0.494,0.357
Kris (GB),0.846,0.635,0.51,0.362
Mister Lord (USA),0.898,0.755,0.441,0.318
Roselier (FR),1.165,0.782,0.492,0.364
Satco (FR),0.634,0.537,0.435,0.284
Gildoran (IRE),0.744,0.688,0.416,0.31
Religiously (USA),1.083,0.864,0.472,0.348
Leading Counsel (USA),1.523,1.005,0.539,0.395
Alleged (USA),1.5,1.311,0.569,0.405
Mtoto (GB),1.234,0.932,0.503,0.369
Pure Melody (USA),0.612,0.296,0.517,0.405
Stark South (USA),1.395,0.973,0.524,0.36
Cadeaux Genereux (GB),1.238,0.959,0.517,0.373
Double Eclipse (IRE),1.453,1.131,0.532,0.387
Toulon (GB),1.301,0.777,0.57,0.435
Charmer (IRE),0.861,0.862,0.453,0.323
Rolfe (USA),0.894,0.809,0.52,0.339
Bal Harbour (GB),1.223,1.097,0.467,0.345
Holy Bull (USA),0,0,0.173,0.049
Mont Basile (FR),0,0,0.195,0.062
Second Set (IRE),0.653,0.631,0.505,0.338
Tenby (GB),1.853,1.135,0.601,0.463
Teenoso (USA),0.848,0.651,0.47,0.347
Sri Pekan (USA),1.074,0.867,0.538,0.389
Exit To Nowhere (USA),0.908,0.664,0.424,0.306
Salse (USA),0.662,0.633,0.474,0.319
Cyborg (FR),0.999,0.61,0.497,0.362
Presidium (GB),0.585,0.665,0.465,0.301
Missed Flight (GB),1.291,1.79,0.443,0.338
Definite Article (GB),1.11,0.861,0.517,0.368
Silly Prices (GB),0,0,0.395,0.216
Romany Rye (GB),0,0,0.295,0.191
Platini (GER),1.202,0.795,0.444,0.312
Docksider (USA),1.026,0.95,0.503,0.352
Acatenango (GER),1.748,0.945,0.64,0.512
Carroll House (IRE),1.254,0.854,0.511,0.373
Old Vic (GB),1.673,1.128,0.552,0.423
Amfortas (IRE),0.894,0.944,0.51,0.357
Hawkstone (IRE),0,0,0.461,0.341
Kings Theatre (IRE),0.757,0.623,0.471,0.331
Revoque (IRE),0.709,0.579,0.512,0.36
Oscar (IRE),1.036,0.766,0.533,0.388
Needle Gun (IRE),0.975,0.844,0.474,0.329
Bijou DInde (GB),0.492,0.469,0.48,0.322
Past Glories (GB),1.202,1.296,0.409,0.307
Saddlers Hall (IRE),0.749,0.694,0.488,0.329
Petit Loup (USA),1.453,0.764,0.636,0.492
Paris House (GB),1.004,0.964,0.486,0.342
Rudimentary (USA),1.098,1.017,0.458,0.316
Desert Prince (IRE),1.074,0.818,0.529,0.382
Sir Harry Lewis (USA),1.304,0.962,0.522,0.38
Broken Hearted (GB),0.721,0.723,0.436,0.296
Woodman (USA),1.105,0.889,0.468,0.329
Bering (GB),1.227,0.887,0.49,0.341
Treasure Hunter (GB),1.332,0.891,0.471,0.367
Law Society (USA),1.085,0.787,0.546,0.397
Ashkalani (IRE),0.791,0.703,0.516,0.362
Video Rock (FR),1.859,0.952,0.508,0.389
Good Thyne (USA),1.077,0.797,0.475,0.349
Rainbow Quest (USA),1.172,0.776,0.479,0.347
Peintre Celebre (USA),1.008,0.803,0.513,0.369
Starborough (GB),0.811,0.523,0.495,0.353
Daggers Drawn (USA),0.576,0.583,0.435,0.283
Singspiel (IRE),1.187,0.775,0.554,0.407
Rakeen (USA),0,0,0.236,0.095
Among Men (USA),0.762,0.823,0.429,0.298
Groom Dancer (USA),1.037,0.908,0.489,0.342
In Command (IRE),0.447,0.5,0.492,0.334
Rahy (USA),1.719,1.291,0.503,0.375
Desert King (IRE),1.056,0.827,0.537,0.379
Great Dane (IRE),0,0,0.366,0.227
Trempolino (USA),1.312,0.941,0.578,0.437
Derrylin (GB),0.83,0.623,0.463,0.345
Mirror Boy (GB),0,0,0.37,0.176
Le Balafre (FR),0.775,0.567,0.497,0.389
Tinoco (GB),0,0,0,0
En Calcat (FR),1.453,1.012,0.482,0.355
Zilzal (USA),0.854,0.752,0.519,0.363
Diesis (GB),1.286,0.956,0.502,0.361
Denel (FR),1.025,0.851,0.499,0.363
Turtle Island (IRE),0.625,0.599,0.473,0.319
Grosvenor (NZ),1.937,1.229,0.529,0.418
Euphemism (GB),0,0,0,0
Classic Cliche (IRE),0.672,0.721,0.516,0.36
Emperor Jones (USA),0.652,0.679,0.447,0.301
Most Welcome (GB),1.585,1.215,0.558,0.407
Cadoudal (FR),1.441,0.895,0.536,0.412
Norwich (GB),1.008,0.765,0.478,0.337
Beneficial (GB),1.019,0.683,0.523,0.375
Environment Friend (GB),0.704,0.651,0.465,0.33
Bahhare (USA),0.778,0.779,0.457,0.304
Kings Ride (IRE),1.201,0.862,0.448,0.336
Sleeping Car (FR),2.905,1.236,0.559,0.461
Unfuwain (USA),1.573,1.108,0.542,0.402
Primitive Rising (USA),1.082,1.049,0.453,0.336
Pistolet Bleu (IRE),1.332,1.032,0.549,0.402
Boston Two Step (USA),0,0,0.45,0.29
Keen (GB),0,0,0.333,0.19
Pivotal (GB),1.018,0.753,0.526,0.377
Perpendicular (GB),0.664,0.598,0.456,0.333
Zaffaran (USA),0.928,0.749,0.493,0.356
Beau Zam (NZ),3.32,2.349,0.775,0.631
Over The River (FR),1.27,0.846,0.493,0.377
Syrtos (GB),0.342,0.316,0.37,0.259
Royal Fountain (GB),1.256,0.898,0.448,0.317
Muhtarram (USA),0.797,0.758,0.471,0.321
Magical Wonder (USA),1.004,0.794,0.516,0.377
Mazaad (IRE),1.107,0.996,0.461,0.325
Mark Of Esteem (IRE),1.208,0.928,0.526,0.379
Magic Ring (IRE),1.175,1.055,0.489,0.344
Jumbo Hirt (USA),0.712,1.151,0.373,0.242
Ali-Royal (IRE),0.563,0.576,0.482,0.326
Arzanni (GB),1.585,1.078,0.475,0.361
Pine Bluff (USA),1.107,0.703,0.564,0.389
Nomadic Way (USA),0.922,0.799,0.534,0.389
Broussard (USA),1.162,1.184,0.542,0.403
Ovac (ITY),1.453,2.361,0.373,0.231
First Trump (GB),0.784,0.78,0.457,0.309
Hamas (IRE),1.439,1.136,0.504,0.373
Wizard King (GB),0.853,0.879,0.46,0.318
Tragic Role (USA),1.049,0.948,0.473,0.341
Alflora (IRE),0.964,0.75,0.426,0.309
Petong (GB),0.546,0.716,0.379,0.239
Moscow Society (USA),1.065,0.729,0.506,0.369
Insan (USA),0.758,0.51,0.495,0.373
Blushing Flame (USA),1.025,0.756,0.496,0.357
Machiavellian (USA),1.443,0.923,0.53,0.384
Hector Protector (USA),0.601,0.524,0.445,0.302
Lead On Time (USA),0,0,0.499,0.3
Tinas Pet (GB),0.738,0.838,0.472,0.333
Linamix (FR),1.35,1.057,0.5,0.354
In The Wings (GB),1.556,1.077,0.544,0.403
Fleetwood (IRE),0.481,0.509,0.449,0.303
Fourstars Allstar (USA),0.905,0.855,0.471,0.332
Slip Anchor (GB),0.766,0.556,0.513,0.366
Flemensfirth (USA),0.775,0.665,0.509,0.361
Bigstone (IRE),0.753,0.685,0.471,0.312
Corrouge (USA),0.646,0.549,0.496,0.348
Tiger Hill (IRE),0.447,0.526,0.411,0.261
April Night (FR),1.162,1.226,0.459,0.311
Milieu (GB),0.447,0.736,0.313,0.215
Hatim (USA),0.264,0.337,0.337,0.206
Lycius (USA),1.001,0.876,0.529,0.379
Lord Bud (GB),1.66,1.828,0.522,0.401
Songlines (FR),1.291,1.453,0.61,0.438
Taufan (USA),0.646,0.539,0.557,0.367
Zafonic (USA),1.367,0.907,0.528,0.386
Common Grounds (GB),1.056,0.924,0.509,0.365
Scallywag (GB),0,0,0.419,0.269
Sea Raven (IRE),0,0,0.367,0.198
Benny The Dip (USA),0.676,0.582,0.487,0.329
Medicus (GER),0,0,0.59,0.419
Rashar (USA),0.775,0.721,0.437,0.298
Heroicity (AUS),0,0,0.471,0.388
Im Supposin (IRE),0,0,0.223,0.096
Gran Alba (USA),0.332,0.416,0.367,0.228
Rambo Dancer (CAN),0.387,0.454,0.349,0.216
Posen (USA),0.968,1.238,0.406,0.292
Shareef Dancer (USA),0.273,0.291,0.49,0.326
Polykratis (GB),0,0,0,0
Red Ransom (USA),1.076,0.723,0.539,0.391
Shuailaan (USA),0,0,0.505,0.311
Arctic Lord (IRE),1.044,0.836,0.506,0.365
Nashwan (USA),1.069,0.808,0.474,0.334
Rainbows For Life (CAN),0.939,0.858,0.472,0.339
Aragon (GB),0.122,0.128,0.417,0.268
Scenic (IRE),0.447,0.368,0.427,0.3
Simply Great (FR),1.307,1.066,0.536,0.389
Step Together I (USA),0,0,0.248,0.145
Brunswick (USA),0,0,0.191,0.091
Accordion (IRE),1.565,0.972,0.557,0.426
Karinga Bay (GB),1.367,1.009,0.474,0.351
Garde Royale (IRE),0.883,0.555,0.58,0.432
Tagula (IRE),0.888,0.843,0.491,0.335
Dr Fong (USA),1.151,0.991,0.522,0.365
Ezzoud (IRE),1.025,0.664,0.564,0.41
Spectrum (IRE),0.998,0.795,0.485,0.34
Woodborough (USA),0.851,0.824,0.466,0.313
Second Empire (IRE),1.314,1.108,0.512,0.371
Atraf (GB),1.116,1.05,0.498,0.344
Dr Devious (IRE),0.891,0.758,0.51,0.363
Millkom (GB),0.612,0.477,0.48,0.322
Monsun (GER),1.214,0.776,0.491,0.351
Rossini (USA),0.62,0.61,0.476,0.316
Piccolo (GB),0.978,0.883,0.482,0.33
Whittingham (IRE),0.542,0.511,0.457,0.302
Fayruz (GB),0.63,0.644,0.465,0.306
Danetime (IRE),0.957,0.925,0.516,0.358
Brave Act (GB),0.228,0.337,0.39,0.227
Danehill Dancer (IRE),1.353,1.063,0.53,0.386
Fasliyev (USA),0.955,0.714,0.523,0.369
Silver Wizard (USA),0.968,1.077,0.321,0.189
Entrepreneur (GB),0.782,0.682,0.489,0.341
Komaite (USA),0.771,0.663,0.502,0.345
Green Desert (USA),1.366,0.905,0.57,0.423
Wolfhound (USA),0.787,0.766,0.483,0.325
Inchinor (GB),0.867,0.749,0.516,0.359
Distant Relative (GB),0.689,0.678,0.457,0.308
Polish Precedent (USA),1.054,0.856,0.518,0.373
Case Law (IRE),1.503,1.401,0.524,0.375
Halling (USA),1.48,0.974,0.566,0.42
Royal Academy (USA),0.806,0.598,0.513,0.372
Safawan (GB),1.189,1.043,0.509,0.359
Petoski (GB),1.247,0.9,0.449,0.321
Pennekamp (USA),1.122,0.869,0.492,0.336
Desert Sun (GB),0.805,0.697,0.452,0.303
Selkirk (USA),1.032,0.749,0.506,0.365
Doyoun (GB),1.125,0.937,0.418,0.302
Rubiano (USA),1.603,1.054,0.649,0.47
Colonel Collins (USA),0.83,0.862,0.638,0.48
Makbul (GB),0.95,0.801,0.47,0.325
Vettori (IRE),0.959,0.84,0.472,0.325
Primo Dominie (GB),0.841,0.788,0.465,0.316
Octagonal (NZ),0.572,0.596,0.442,0.29
Dansili (GB),1.294,0.886,0.558,0.41
Mujadil (USA),1.025,0.896,0.506,0.351
Air Express (IRE),0.484,0.367,0.41,0.28
So Factual (USA),0.628,0.734,0.471,0.313
Zamindar (USA),1.067,0.886,0.429,0.287
Lomitas (GB),1.121,0.788,0.546,0.394
Monashee Mountain (USA),1.178,1.032,0.482,0.331
Bien Bien (USA),0.666,0.622,0.464,0.316
Forzando (GB),0.894,0.958,0.414,0.28
Marju (IRE),0.986,0.739,0.521,0.371
Grand Lodge (USA),0.889,0.736,0.477,0.324
Lend A Hand (GB),1.18,1.085,0.495,0.343
King Of Kings (IRE),0.84,0.721,0.445,0.312
Primo Valentino (IRE),0.523,0.419,0.495,0.331
Distant Music (USA),0.523,0.454,0.485,0.318
Trans Island (GB),0.761,0.765,0.421,0.274
Distant View (USA),1.202,0.919,0.51,0.36
Namaqualand (USA),0.883,0.887,0.459,0.313
Tipsy Creek (USA),0.723,0.811,0.413,0.278
Kris S (USA),1.637,0.981,0.574,0.453
Almutawakel (GB),1.367,1.116,0.504,0.362
Rock City (IRE),0.883,1.026,0.417,0.276
Sunday Silence (USA),2.179,1.054,0.62,0.505
Loup Sauvage (USA),0.742,0.583,0.505,0.337
Cois Na Tine (IRE),1.056,0.913,0.544,0.381
Diktat (GB),0.75,0.689,0.492,0.335
Indian Lodge (IRE),0.907,0.841,0.455,0.312
Bahamian Bounty (GB),0.995,0.857,0.515,0.364
French Deputy (USA),1.056,0.807,0.342,0.175
Stravinsky (USA),0.938,0.756,0.506,0.35
Imperial Ballet (IRE),0.721,0.721,0.452,0.301
Mull Of Kintyre (USA),1.053,0.922,0.486,0.332
Titus Livius (FR),0.842,0.802,0.455,0.309
Alhaarth (IRE),1.23,0.895,0.544,0.396
Bertolini (USA),1.291,1.018,0.503,0.36
Lake Coniston (IRE),0.594,0.639,0.44,0.287
Lion Cavern (USA),0.565,0.466,0.491,0.341
Sheikh Albadou (GB),1.576,1.525,0.545,0.409
Dashing Blade (GB),0.93,0.778,0.451,0.321
Imp Society (USA),2.526,1.717,0.656,0.513
Chiefs Crown (USA),1.516,0.948,0.476,0.322
Waky Nao (GB),2.905,2.715,0.495,0.411
Kahyasi (IRE),1.195,0.975,0.504,0.364
Allied Forces (USA),0.738,0.587,0.505,0.353
Known Fact (USA),1.162,1.216,0.353,0.244
Seeking The Gold (USA),0.911,0.567,0.544,0.391
Soviet Lad (USA),0.375,0.367,0.503,0.359
Bahri (USA),1.169,0.733,0.554,0.404
Charente River (IRE),0.704,0.593,0.534,0.394
Celtic Swing (GB),1.587,1.109,0.564,0.409
Archway (IRE),0.982,0.743,0.519,0.361
Big Shuffle (USA),0.953,0.718,0.49,0.34
Shinko Forest (IRE),1.291,1.126,0.526,0.377
Bachir (IRE),0.379,0.451,0.422,0.256
Bold Edge (GB),1.053,0.963,0.479,0.34
Efisio (GB),1.494,1.07,0.534,0.392
Prince Sabo (GB),0.764,0.848,0.455,0.307
Polish Patriot (USA),1.09,0.788,0.652,0.495
Zieten (USA),1.276,0.997,0.546,0.383
Princely Heir (IRE),1.065,0.853,0.514,0.366
Observatory (USA),1.234,0.798,0.525,0.378
Indian Rocket (GB),1.088,0.999,0.482,0.336
Saint Ballado (CAN),1.291,2.41,0.418,0.283
Eagle Eyed (USA),0.585,0.515,0.511,0.35
Medaaly (GB),1.639,1.058,0.465,0.326
Blush Rambler (USA),2.324,2.155,0.382,0.267
Greensmith (GB),1.453,1.446,0.503,0.368
Romanov (IRE),1.107,0.624,0.526,0.338
Perugino (USA),1.091,0.893,0.515,0.369
Sesaro (USA),0.722,0.659,0.523,0.375
Bluegrass Prince (IRE),0.863,0.787,0.513,0.359
Kayrawan (USA),0.553,0.389,0.66,0.483
City On A Hill (USA),0.533,0.622,0.439,0.277
Cape Cross (IRE),1.401,1.058,0.538,0.393
Afternoon Deelites (USA),0.43,0.352,0.53,0.362
Bluebird (USA),0.764,0.717,0.474,0.326
Reprimand (GB),1.645,1.15,0.537,0.389
Mujtahid (USA),0.942,0.832,0.48,0.338
Blue Ocean (USA),0.646,0.677,0.454,0.313
Up And At Em (GB),0.76,0.939,0.401,0.26
Grey Eagle (GB),0,0,0.304,0.153
Lahib (USA),1.061,1.008,0.434,0.301
Zaha (CAN),0.352,0.555,0.391,0.237
Orpen (USA),0.855,0.828,0.49,0.334
Mujahid (USA),1.448,1.193,0.52,0.375
Elnadim (USA),0.9,0.544,0.546,0.389
Kabool (GB),0.996,1.064,0.498,0.348
Gulch (USA),0.484,0.366,0.481,0.322
Intikhab (USA),1.187,0.924,0.471,0.327
Cryptoclearance (USA),2.324,1.252,0.66,0.523
Cyrano De Bergerac (IRE),0.775,0.621,0.46,0.324
Abou Zouz (USA),0.67,0.593,0.496,0.345
Persian Bold (IRE),1.505,1.021,0.53,0.387
Sillery (USA),1.321,1.011,0.561,0.411
Danzero (AUS),1.216,0.974,0.517,0.373
Fusaichi Pegasus (USA),1.775,0.9,0.548,0.411
Lugana Beach (GB),0.74,0.813,0.433,0.282
Be My Guest (USA),0.968,0.779,0.538,0.382
Perryston View (GB),0,0,0.321,0.182
Superior Premium (GB),0.968,0.818,0.479,0.326
Beckett (IRE),0.398,0.454,0.384,0.236
Pleasant Tap (USA),2.789,1.356,0.609,0.486
Lujain (USA),0.858,0.811,0.472,0.327
Polar Prince (IRE),0.924,0.869,0.508,0.35
Key Of Luck (USA),0.802,0.813,0.434,0.289
Gold Away (IRE),0.894,0.515,0.668,0.522
Sure Blade (USA),0.83,0.754,0.485,0.334
Lear Fan (USA),1.285,0.846,0.562,0.415
Opening Verse (USA),1.073,1.042,0.535,0.376
Dominion (GB),1.162,1.88,0.426,0.276
Desert Story (IRE),0.946,0.903,0.47,0.323
Almaty (IRE),0.83,0.915,0.472,0.312
Easycall (GB),0.258,0.408,0.458,0.293
Kissin Kris (USA),0,0,0.2,0.06
Rambling Bear (GB),1.245,2.2,0.394,0.264
Namid (GB),1.247,0.956,0.493,0.351
El Prado (IRE),0.801,0.784,0.426,0.286
Terimon (GB),0.505,0.491,0.414,0.274
Anitas Prince (GB),1.417,1.556,0.41,0.296
Bold Fact (USA),0.68,0.668,0.482,0.324
Mukaddamah (USA),0.636,0.632,0.454,0.303
Gothenberg (IRE),0.684,0.752,0.427,0.253
Fort Morgan (USA),0.775,0.925,0.36,0.237
Silver Patriarch (IRE),0.963,0.943,0.426,0.291
Xaar (GB),1.135,0.941,0.437,0.297
Suave Dancer (USA),0.283,0.293,0.358,0.22
Southern Halo (USA),0.453,0.385,0.484,0.323
Factual I (USA),0.408,0.678,0.351,0.215
Sinndar (IRE),1.339,1.002,0.55,0.395
Timber Country (USA),0.738,0.607,0.471,0.317
Highest Honor (FR),1.064,0.715,0.515,0.382
Mozart (IRE),1.373,0.836,0.564,0.418
Lando (GER),2.004,1.471,0.558,0.425
Tactical Cat (USA),0,0,0.383,0.208
Golden Snake (USA),0.332,0.425,0.483,0.331
Soviet Star (USA),1.04,0.871,0.477,0.326
Tomba (GB),0.885,0.983,0.449,0.322
Carrowkeel (IRE),0.423,0.591,0.392,0.249
Emarati (USA),0.816,0.718,0.522,0.365
Dont Forget Me (IRE),1.162,1.21,0.51,0.344
Pips Pride (GB),0.85,0.65,0.531,0.353
Dayjur (USA),1.409,0.918,0.525,0.386
Clantime (GB),0.519,0.589,0.493,0.324
Josr Algarhoud (IRE),1.169,0.895,0.533,0.38
Puissance (GB),0.631,0.599,0.409,0.269
Miswaki (USA),0.811,0.606,0.488,0.331
Tamure (IRE),0.883,0.853,0.548,0.377
High Estate (GB),0.596,0.567,0.418,0.261
Galileo (IRE),1.453,1.018,0.609,0.46
Thunder Gulch (USA),2.034,1.481,0.509,0.382
Raise A Grand (IRE),0.535,0.587,0.441,0.285
Daawe (USA),0,0,0.464,0.294
Tanodaman (GB),0,0,0,0
Weldnaas (USA),0.337,0.299,0.528,0.381
Sir Cat (USA),2.051,1.58,0.627,0.48
Ardkinglass (GB),0.43,0.467,0.372,0.228
Elmaamul (USA),0.596,0.523,0.499,0.348
Petardia (GB),0.844,0.84,0.439,0.286
Sunshine Forever (USA),0,0,0.262,0.096
Bin Ajwaad (IRE),0.786,0.652,0.545,0.396
Tamarisk (IRE),0,0,0.453,0.289
Farfelu (GB),0.775,0.7,0.592,0.427
Pyramus (USA),1.379,1.321,0.517,0.381
Nicolotte (GB),0.934,0.759,0.499,0.354
Silver Hawk (USA),1.119,0.68,0.498,0.352
Deputy Minister (CAN),0.75,0.514,0.497,0.355
King Charlemagne (USA),0.495,0.383,0.477,0.319
Giants Causeway (USA),2.12,1.142,0.574,0.437
Kings Best (USA),1.57,0.868,0.565,0.423
Affirmed (USA),0.208,0.196,0.539,0.371
Great Marquess (GB),0.968,1.007,0.463,0.332
College Chapel (GB),0.932,0.709,0.479,0.346
Montjeu (IRE),1.477,0.863,0.571,0.425
Behrens (USA),2.905,2.275,0.663,0.517
Silic (FR),0,0,0.166,0.055
Hunting Lion (IRE),1.395,1.095,0.519,0.378
Labeeb (GB),0,0,0.479,0.31
Indian Danehill (IRE),1.388,0.95,0.557,0.41
Zinaad (GB),0.726,0.717,0.497,0.33
Swain (IRE),1.107,0.827,0.513,0.356
Kayf Tara (GB),0.908,1.811,0.41,0.263
Fruits Of Love (USA),1.056,1.19,0.462,0.302
Forest Wildcat (USA),0.85,0.67,0.442,0.297
Blues Traveller (IRE),0.384,0.413,0.456,0.307
Laroche (GER),0.968,0.863,0.553,0.399
St Jovite (USA),1.937,2.323,0.511,0.345
Contract Law (USA),0,0,0.13,0.051
Takhlid (USA),1.367,1.439,0.477,0.357
Danehill (USA),1.619,0.891,0.563,0.422
Fantastic Light (USA),1.479,1.061,0.515,0.364
Arkadian Hero (USA),0.775,0.816,0.399,0.253
Erhaab (USA),0.617,0.76,0.399,0.262
Jahafil (GB),0.484,0.703,0.43,0.287
Kingmambo (USA),1.388,0.767,0.58,0.423
Band On The Run (GB),1.162,0.992,0.524,0.377
Medicean (GB),1.526,1.343,0.542,0.387
Stormin Fever (USA),1.291,0.589,0.5,0.378
Atticus (USA),0.996,1.072,0.426,0.271
Intidab (USA),1.162,1.21,0.461,0.341
Aljabr (USA),0.715,0.708,0.501,0.325
Gilded Time (USA),1.55,0.899,0.681,0.538
Goofalik (USA),2.021,0.877,0.647,0.508
Comic Strip (USA),0,0,0.099,0.018
Crafty Prospector (USA),0.704,0.549,0.486,0.338
Solarstern (FR),0.726,0.565,0.643,0.485
Topanoora (IRE),1.385,0.987,0.499,0.363
Dry Dock (GB),0.484,0.325,0.452,0.334
Mesleh (IRE),0,0,0.317,0.207
Distorted Humor (USA),0.612,0.384,0.508,0.361
Just A Dancer (NZ),3.32,1.472,0.732,0.587
Strong Gale (IRE),0.83,0.704,0.422,0.283
Mollicone Junior (FR),1.291,0.538,0.675,0.497
Risk Me (FR),0.807,0.618,0.447,0.32
Star Quest (GB),1.57,0.841,0.65,0.502
Great Palm (USA),1.453,0.942,0.604,0.436
Symbolic (IRE),0,0,0.286,0.163
Savahra Sound (GB),0,0,0.177,0.072
Un Desperado (FR),1.038,0.875,0.438,0.315
Tiraaz (USA),1.453,2.263,0.522,0.386
Epervier Bleu (GB),1.241,0.714,0.525,0.401
Villez (USA),1.309,0.804,0.512,0.39
Witness Box (USA),0.601,0.476,0.526,0.373
Germany (USA),1.131,0.891,0.527,0.387
Double Trigger (IRE),0.779,0.814,0.461,0.305
Alderbrook (GB),0.753,0.68,0.434,0.293
River Falls (GB),0.894,0.747,0.482,0.377
Alphabatim (USA),0.91,0.728,0.463,0.327
Fearless Action (USA),0,0,0.303,0.23
Air Display (USA),0.342,0.328,0.432,0.289
Parthian Springs (GB),1.211,1.376,0.434,0.313
Asir (GB),0.528,0.376,0.488,0.356
Executive Perk (GB),0.669,0.643,0.469,0.324
Muharib (USA),0.922,0.82,0.577,0.412
Midyan (USA),0.664,0.563,0.33,0.212
Relief Pitcher (GB),0.684,0.773,0.469,0.32
Waajib (IRE),0,0,0.405,0.214
Montelimar (USA),1.009,0.891,0.491,0.357
Celio Rufo (GB),0.904,0.714,0.463,0.33
Murmure (FR),0.968,0.378,0.435,0.333
Classic Cheer (IRE),0,0,0.259,0.187
Glacial Storm (USA),0.762,0.679,0.451,0.317
Storm Bird (CAN),1.788,1.343,0.677,0.524
Symboli Heights (FR),1.395,1.685,0.413,0.295
Endoli (USA),1.056,1.139,0.515,0.392
High Kicker (USA),0,0,0.351,0.165
Weld (GB),0.837,0.871,0.384,0.263
Nononito (FR),0.612,0.481,0.545,0.36
Thethingaboutitis (USA),0.75,0.676,0.413,0.315
Duky (GB),0.553,0.748,0.401,0.299
Ballet Royal (USA),0.75,0.714,0.406,0.248
Jimmys Pixie (IRE),0,0,0.045,0.008
Naheez (USA),0.538,0.512,0.453,0.306
Backchat (USA),0,0,0.369,0.248
Carefree Dancer (USA),1.66,1.396,0.5,0.442
Never So Bold (IRE),0.536,0.781,0.379,0.226
Minshaanshu Amad (USA),0.894,0.752,0.441,0.317
Royal Abjar (USA),0.699,0.673,0.489,0.342
Anabaa (USA),0.91,0.673,0.507,0.359
Camden Town (GB),0.775,0.794,0.426,0.286
Dear Doctor (FR),1.937,2.447,0.379,0.312
Kadalko (FR),0.668,0.493,0.441,0.295
Solar One (FR),0.83,0.75,0.48,0.367
Zambrano (GB),0,0,0.437,0.264
Neshad (USA),0,0,0.336,0.198
Turgeon (USA),0.842,0.806,0.436,0.31
Dunbeath (USA),0.83,1.426,0.466,0.332
Rough Magic (FR),0,0,0.475,0.382
Handsome Sailor (GB),0.726,0.644,0.457,0.297
Mandalus (IRE),0.77,0.559,0.449,0.315
Art Bleu I (GB),1.788,0.777,0.653,0.534
New Frontier I (IRE),0,0,0.549,0.389
Gunner B (GB),1.532,0.957,0.475,0.364
Busy Flight (GB),0.495,0.59,0.479,0.324
Persian Mews (IRE),0.332,0.367,0.421,0.265
Royal Vulcan (IRE),1.291,1.269,0.504,0.385
Faustus (USA),0.14,0.153,0.444,0.303
Bishop Of Cashel (GB),0.704,0.61,0.471,0.323
Rough Stones (GB),0,0,0,0
Pierre (GB),2.051,1.277,0.481,0.371
Valanjou I (FR),0.894,0.579,0.444,0.329
Winged Love (IRE),1.162,0.816,0.55,0.408
Casual Lies (USA),0.894,0.459,0.612,0.45
My Best Valentine (GB),0.358,0.489,0.427,0.259
Allegoric (USA),0,0,0.509,0.319
Shardari (GB),0.816,0.734,0.431,0.308
Java Gold (USA),0,0,0.351,0.245
Franc Bleu Argent (USA),2.682,1.268,0.545,0.428
Kasakov (GB),0.917,0.91,0.46,0.313
Roscoe Blake (GB),1.245,1.176,0.396,0.307
Luso (GB),1.186,0.919,0.482,0.344
Shernazar (GB),0.934,0.771,0.488,0.347
Superpower (GB),0.612,1.054,0.405,0.262
Alhaatmi (GB),0,0,0.232,0.149
Lancastrian (IRE),0.484,0.566,0.35,0.224
Lashkari (GB),0.775,0.599,0.506,0.357
Boyne Valley (GB),0.646,0.603,0.517,0.362
Last Tycoon (IRE),0.742,0.591,0.542,0.389
Yashgan (GB),0.985,1.013,0.407,0.28
Darazari (IRE),0,0,0.454,0.272
Muroto (GB),0.553,0.792,0.382,0.251
Danasinga (AUS),0,0,0.53,0.391
Idris (IRE),0.246,0.286,0.431,0.268
Chaddleworth (IRE),0.342,0.399,0.451,0.32
Hurricane Sky (AUS),0.623,0.571,0.43,0.282
Silver Owl (GB),0.646,0.643,0.487,0.334
Next Boom (USA),0,0,0.111,0.025
Hymns On High (GB),0,0,0.087,0.028
Dreams End (GB),0,0,0.248,0.159
Goldmark (USA),0.658,0.695,0.497,0.344
Shaab (GB),0,0,0.322,0.171
Twilight Agenda (USA),0,0,0.36,0.196
Petrizzo (GB),0,0,0.402,0.22
Motley (USA),0,0,0.449,0.279
Useful (FR),0.306,0.255,0.423,0.282
Seymour Hicks (FR),0.726,0.565,0.595,0.443
Bulington (FR),1.107,0.926,0.522,0.406
The Bart (USA),0,0,0.48,0.338
Russian Revival (USA),0.612,0.516,0.529,0.366
Nikos (GB),1.347,0.88,0.465,0.336
Windsor Castle (GB),0.401,0.483,0.442,0.272
Bandmaster (USA),0.323,0.224,0.603,0.446
Riverhead (USA),0,0,0.172,0.058
Moonax (IRE),0.762,0.764,0.45,0.298
White Sorrel (GB),0,0,0.056,0.003
Meqdaam I (USA),0,0,0.088,0.028
Funny Baby (FR),5.364,2.34,0.739,0.643
Kirkwall (GB),0.465,0.659,0.414,0.262
Quart De Vin (FR),0,0,0.344,0.223
Fairy King (USA),0.298,0.294,0.382,0.225
Merdon Melody (GB),0.182,0.245,0.412,0.246
Le Moss (IRE),0.968,0.8,0.437,0.314
Erins Isle (IRE),0.868,0.75,0.46,0.316
Elegant Monarch (GB),0,0,0.344,0.2
Dromod Hill (GB),0,0,0.517,0.367
Sassanian (USA),1.09,0.503,0.623,0.455
Interrex (CAN),0.968,0.712,0.41,0.284
Classic Secret I (USA),1.453,1.797,0.554,0.384
Nureyev (USA),1.585,0.951,0.509,0.375
Pelder (IRE),1.453,1.061,0.483,0.322
Niniski (USA),0.581,0.709,0.36,0.212
Warrshan (USA),0.684,0.694,0.451,0.32
Little Bighorn (IRE),1.234,1.074,0.472,0.344
Heros Honor (USA),2.324,0.848,0.692,0.527
Devils Jump (GB),0,0,0.351,0.176
Tale Quale (GB),1.937,1.147,0.472,0.375
Thowra (FR),0.775,1.289,0.355,0.231
North Col (IRE),1.55,1.102,0.404,0.289
Fitzcarraldo (ARG),0,0,0.308,0.157
Joli Wasfi (USA),0,0,0.433,0.376
Mon Tresor (GB),0.528,0.536,0.515,0.357
Pharly (FR),0.125,0.12,0.416,0.264
Centaine (AUS),0,0,0.125,0.047
Ajraas (USA),0.342,0.393,0.38,0.256
Be My Chief (USA),0.982,1.137,0.475,0.322
Poplar Bluff (GB),1.55,0.81,0.628,0.478
Generous (IRE),0.732,0.676,0.491,0.336
Royal Charter (FR),0.567,0.541,0.415,0.288
Dream For Future (IRE),0,0,0.582,0.425
Mansonnien (FR),1.842,1.003,0.548,0.426
Unbridled (USA),1.341,0.72,0.646,0.489
Infantry I (GB),1.66,1.386,0.503,0.407
Morespeed (GB),2.075,1.108,0.643,0.532
North Briton (GB),1.937,1.367,0.477,0.329
Bedford (USA),0,0,0.304,0.168
Nicholas Bill (GB),0.953,0.512,0.542,0.402
Carlingford Castle (IRE),0.792,0.806,0.559,0.399
Seclude I (USA),1.453,1.144,0.204,0.155
Concorde Jr (USA),0.775,0.474,0.608,0.466
Dr Massini (IRE),1.303,1.057,0.5,0.36
Sovereign Water (FR),1.476,1.124,0.529,0.386
Golden Heights (GB),0.232,0.278,0.38,0.242
Tel Quel (FR),1.585,1.336,0.456,0.33
Michelozzo (USA),1.033,1.185,0.443,0.319
Courtship (GB),0.2,0.252,0.471,0.301
Wace (USA),0.447,0.639,0.488,0.316
Don Tristan (USA),0,0,0,0
Homo Sapien (IRE),0.639,0.542,0.338,0.222
Irish River (FR),1.256,1,0.523,0.386
Sula Bula (GB),1.476,1,0.548,0.426
Shalford (IRE),1.09,0.833,0.539,0.394
Sky Classic (CAN),0,0,0.472,0.283
Klimt (FR),4.226,2.308,0.653,0.565
Dilum (USA),1.768,1.384,0.563,0.429
Roakarad (IRE),1.788,1.372,0.54,0.403
Aspect I (USA),0,0,0,0
Sexton Blake (GB),0.528,0.569,0.607,0.427
Felix The Cat (USA),0,0,0.432,0.27
Shambo (IRE),0.712,0.753,0.413,0.285
Malmsey (USA),0,0,0.231,0.13
Welsh Term (IRE),0,0,0.449,0.294
Hermitage (USA),0,0,0.242,0.119
Erins Hope (GB),0,0,0.347,0.154
Ala Hounak (IRE),1.291,1.119,0.486,0.341
Seven Hearts (GB),1.056,0.986,0.508,0.378
Prince Of Birds (USA),0.926,0.793,0.483,0.341
Eurobus (IRE),0.623,0.68,0.458,0.314
Ragmar (FR),1.202,1.319,0.448,0.321
Irish Prospector (FR),4.649,3.251,0.624,0.555
Solido (FR),0,0,0.544,0.412
Neltino (GB),2.051,1.071,0.495,0.37
Agent Bleu (FR),0.704,0.505,0.501,0.373
Wootton Rivers (USA),0,0,0.129,0.031
Arazi (USA),0.387,0.457,0.392,0.242
Ridgewood Ben (GB),0.459,0.652,0.34,0.197
Oscar Schindler (IRE),0.173,0.186,0.444,0.29
Son Pardo (GB),0.352,0.31,0.421,0.296
Apple Tree (FR),1.453,1.746,0.42,0.305
Lafontaine I (USA),1.937,1.626,0.395,0.27
Snurge (IRE),1.5,1.011,0.494,0.383
Gothland (FR),1.43,1.066,0.438,0.314
Shahanndeh (IRE),0,0,0.489,0.326
Regal Embers (IRE),0,0,0,0
Red Sunset (GB),0.375,0.288,0.541,0.375
El Conquistador (GB),0.67,0.672,0.397,0.27
Green Adventure (USA),0,0,0.232,0.094
Farhaan (GB),1.056,1.785,0.369,0.268
Riche Mare (FR),5.811,15.651,0.594,0.518
Torus (GB),0.746,0.661,0.49,0.347
Bonny Scot (IRE),2.324,1.551,0.561,0.432
John French (GB),0.894,0.984,0.404,0.291
Buckskin (FR),0.56,0.538,0.482,0.342
Pentire (GB),1.66,0.993,0.535,0.381
Thatching (GB),1.117,0.806,0.577,0.409
Hansel (USA),0,0,0.272,0.126
Big Sink Hope (USA),0.505,0.45,0.374,0.254
Hattas Mill (GB),0,0,0.442,0.27
Glory Of Dancer (GB),1.175,0.963,0.571,0.425
Warning (GB),1.13,0.956,0.535,0.39
Sharp Deal (GB),0,0,0.523,0.362
Morpeth (GB),0.591,0.547,0.508,0.351
Warcraft I (USA),0.387,0.391,0.398,0.265
Green Tune (USA),1.162,0.934,0.544,0.388
Trifolio (GB),0,0,0.522,0.312
Senor Pete (USA),0,0,0.222,0.092
Young Ern (GB),0.453,0.516,0.423,0.268
Quest For Fame (GB),0.62,0.458,0.541,0.371
The West (USA),0,0,0.283,0.146
Beyssac (FR),2.19,1.145,0.542,0.425
Orchestra (GB),1.025,0.748,0.505,0.364
Detroit Sam (FR),1.291,1.125,0.366,0.277
Absalom (GB),0,0,0.39,0.24
Tirol (IRE),0,0,0.302,0.175
Baby Turk (GB),1.585,1.096,0.576,0.417
Willie Joe (IRE),1.453,1.037,0.429,0.312
Silver Season (GB),0,0,0.25,0.125
Special Power (GB),0,0,0.177,0.06
Mazilier (USA),0,0,0.32,0.205
Whitehall Bridge (GB),0,0,0.33,0.155
Vestris Abu (GB),1.056,0.745,0.661,0.537
Saphir I (GER),0,0,0.812,0.66
Komtur (USA),0,0,0.487,0.256
Cardoun (FR),0,0,0.149,0.029
Man Among Men (IRE),0,0,0,0
Soldier Rose (GB),2.905,6.699,0.25,0.25
Tidaro (USA),0.655,0.666,0.51,0.375
Awesome I (GB),1.788,2.175,0.441,0.312
Marathon (USA),2.682,1.385,0.607,0.495
Oblat (FR),0,0,0.368,0.212
Zayyani (GB),0,0,0.448,0.247
Defensive Play (USA),0,0,0.327,0.128
Then Again (GB),0.775,0.885,0.368,0.235
Opera Ghost (GB),0.465,0.584,0.533,0.404
Kinglet (GB),0,0,0.324,0.146
Sharp Victor (USA),0,0,0.19,0.099
Imperial Frontier (USA),0.93,0.754,0.525,0.39
Belmez (USA),0.83,0.747,0.59,0.441
Sandpit (BRZ),1.453,1.28,0.473,0.319
Cozzene (USA),1.002,0.787,0.504,0.367
Johann Quatz (FR),0,0,0.418,0.233
Dover Patrol (IRE),0,0,0.325,0.154
Earl Of Barking (IRE),1.453,1.222,0.634,0.479
Darnay (GB),0.528,0.568,0.391,0.254
Master Willie (GB),0.985,0.956,0.435,0.313
Hubbly Bubbly (USA),0.861,0.795,0.471,0.344
Suluk (USA),0,0,0.111,0.012
Florida Son (GB),0.253,0.251,0.352,0.209
Balla Cove (GB),0.623,0.623,0.377,0.23
Roi Guillaume (FR),1.66,0.793,0.69,0.573
Wills Way (USA),3.169,2.138,0.424,0.333
Aahsaylad (GB),0.775,0.824,0.485,0.335
With Approval (CAN),1.55,0.965,0.52,0.393
Simon Du Desert (FR),1.395,1.376,0.479,0.344
Footloose Esquire (GB),0,0,0.259,0.081
Clerkenwell (USA),0,0,0.487,0.298
Coronados Quest (USA),0.581,0.613,0.446,0.3
Boundary (USA),0.922,0.778,0.537,0.38
Son Of Sharp Shot (IRE),1.107,1.057,0.505,0.358
Ra Nova (GB),1.291,2.386,0.442,0.264
Jeune Homme (USA),0,0,0.466,0.327
Mille Balles (FR),0,0,0.398,0.268
Aydimour (GB),0,0,0.075,0.023
Petorius (IRE),0.323,0.424,0.427,0.248
Wood Chanter (GB),0.775,0.658,0.413,0.244
Safety Catch (USA),1.216,0.787,0.495,0.352
Young Buster I (IRE),0,0,0.493,0.328
Taipan (IRE),1.209,1.028,0.54,0.39
Democratic I (USA),2.179,1.23,0.625,0.492
Mister Mat (FR),0.83,0.542,0.453,0.291
Theatrical Charmer (GB),0.775,0.888,0.552,0.418
Passing Sale (FR),1.634,0.941,0.573,0.447
Dubai Millennium (GB),1.291,0.534,0.542,0.407
Superlative (GB),0,0,0.281,0.165
Sahm (USA),1.49,0.911,0.575,0.454
Top Waltz (FR),0.894,0.673,0.501,0.338
Bay Tern (USA),2.682,1.112,0.634,0.536
Largesse (GB),0.369,0.519,0.44,0.281
Sword Dance (GB),1.835,0.962,0.637,0.477
Gone West (USA),1.42,1.042,0.476,0.332
Priolo (USA),1.125,0.887,0.499,0.361
Binary Star (USA),0,0,0.42,0.278
Kornado (GB),0.646,0.862,0.382,0.233
Silvano (GER),1.162,0.775,0.708,0.548
City Honours (USA),0,0,0.356,0.181
Jade Hunter (USA),1.453,1.063,0.625,0.462
Unbridleds Song (USA),0.775,0.67,0.466,0.325
Respect (GB),0,0,0.131,0.031
Valid Expectations (USA),0,0,0.333,0.141
Dracula (AUS),0.505,0.61,0.347,0.204
Quiet American (USA),0.27,0.211,0.433,0.277
Statoblest (IRE),0,0,0.271,0.084
A P Indy (USA),2.179,1.335,0.606,0.497
Sternkoenig (IRE),2.583,1.197,0.663,0.548
Lils Boy (USA),0.758,0.672,0.462,0.31
Expelled (USA),0,0,0.271,0.169
Winning Gallery (GB),1.788,1.997,0.574,0.431
Matty G (USA),0,0,0.402,0.164
Wesaam (USA),0,0,0.077,0.006
Theatrical (IRE),1.162,0.859,0.518,0.376
Hornbeam (GB),0,0,0.268,0.153
Grand Slam (USA),0.612,0.536,0.416,0.267
Jade Robbery (USA),2.179,1.525,0.569,0.408
Danzig (USA),2.324,1.025,0.639,0.513
Mt Livermore (USA),0.946,0.848,0.539,0.368
Bettergeton (GB),0,0,0.758,0.636
Roar (USA),0,0,0.588,0.437
Royal Anthem (USA),1.192,1.244,0.479,0.335
Dynaformer (USA),1.614,0.969,0.557,0.415
Storm Cat (USA),2.257,0.903,0.642,0.513
Sorbie Tower (IRE),1.859,1.344,0.614,0.446
Cats Career (USA),2.583,1.151,0.79,0.663
War Chant (USA),1.025,0.763,0.603,0.448
Barathea Guest (GB),0,0,0.61,0.394
Fumo Di Londra (IRE),0.769,0.796,0.471,0.314
Brahms (USA),5.811,4.506,0.853,0.755
Kalanisi (IRE),1.03,0.893,0.533,0.381
Ela-Mana-Mou (IRE),1.24,0.922,0.547,0.409
Botanic (USA),0.758,0.575,0.518,0.365
Agnes World (USA),0.775,0.946,0.445,0.3
Green Horizon (GB),1.162,1.12,0.471,0.313
Black Minnaloushe (USA),1.395,0.764,0.683,0.535
Bianconi (USA),0.968,1.838,0.398,0.249
Handsome Ridge (GB),0,0,0.31,0.141
Fly To The Stars (GB),2.905,1.708,0.699,0.553
Storm Creek (USA),0.612,0.395,0.454,0.291
Prized (USA),2.075,1.263,0.53,0.41
Skip Away (USA),0,0,0.163,0.039
Tannenkonig (IRE),1.367,1.39,0.338,0.209
Jambalaya Jazz (USA),1.291,1.381,0.712,0.55
Bold Arrangement (GB),0.684,1.127,0.43,0.272
Citidancer (USA),1.162,1.416,0.656,0.533
Horse Chestnut (SAF),0.894,0.438,0.51,0.379
Rainbow Prospect (USA),0,0,0.51,0.31
Fuji Kiseki (JPN),1.937,1.892,0.503,0.354
National Assembly (CAN),0,0,0.413,0.216
Seattle Slew (USA),3.874,2.783,0.634,0.512
Elusive Quality (USA),1.937,1.021,0.667,0.534
Ghazi (USA),0.968,0.742,0.437,0.293
More Than Ready (USA),2.905,0.811,0.832,0.702
Wild Again (USA),1.056,1.256,0.512,0.332
Belong To Me (USA),0.968,0.635,0.546,0.387
Cigar (GB),0.401,0.29,0.318,0.188
Baryshnikov (AUS),0,0,0.313,0.192
Hussonet (USA),1.291,0.826,0.503,0.384
Dumaani (USA),0.775,0.641,0.45,0.281
Minardi (USA),0.726,0.417,0.572,0.394
Dancing Dissident (USA),1.256,0.89,0.487,0.327
Pleasant Colony (USA),0,0,0.319,0.201
King Cugat (USA),1.66,1.76,0.418,0.309
Kings Signet (USA),1.189,1.221,0.449,0.318
Lear Spear (USA),0.646,0.542,0.423,0.258
High Yield (USA),3.39,2.156,0.554,0.435
Housebuster (USA),1.743,1.069,0.595,0.45
Deputy Commander (USA),0.447,0.368,0.51,0.365
Awad (USA),0.726,0.615,0.508,0.36
Chester House (USA),1.535,0.73,0.652,0.507
Inzar (USA),1.041,0.97,0.443,0.291
Raphane (USA),0.634,0.582,0.406,0.275
Arch (USA),2.235,0.948,0.709,0.562
Compton Admiral (GB),0.528,0.951,0.32,0.197
Framlington Court (GB),0,0,0.842,0.709
Brush Aside (USA),0.684,0.601,0.451,0.312
Shining Steel (GB),0.612,0.433,0.493,0.353
Top Ville (IRE),0,0,0.169,0.065
Grand Tresor (FR),0.387,0.19,0.581,0.464
Sanglamore (USA),1.453,0.966,0.634,0.487
Grand Plaisir (IRE),0.26,0.259,0.472,0.333
Mulberry (FR),0,0,0.182,0.092
Tremblant (GB),1.223,1.358,0.344,0.254
Noble Patriarch (IRE),0.894,0.536,0.425,0.308
Rahotep I (FR),0,0,0.229,0.094
Nestor (IRE),4.649,2.137,0.543,0.502
All Haste (USA),1.162,2.509,0.389,0.258
Chamberlin (FR),1.107,0.863,0.506,0.34
Shafoun (FR),0,0,0.427,0.322
Apeldoorn (FR),1.5,0.764,0.547,0.439
Beauchamp King (GB),0,0,0.241,0.122
Ajdayt (USA),1.722,1.002,0.569,0.412
Riverwise (USA),1.367,1.256,0.403,0.299
Jacksons Drift (USA),1.367,1.358,0.47,0.324
Colon (GER),1.291,0.794,0.402,0.263
Beau Sher (GB),1.573,0.961,0.588,0.458
Alwuhush (USA),1.453,0.772,0.333,0.242
Our Account (USA),2.905,1.318,0.491,0.403
Bateau Rouge (IRE),2.324,0.715,0.427,0.305
Assessor (IRE),3.418,2.295,0.543,0.47
Lute Antique (FR),2.113,1.501,0.617,0.487
Glaieul (USA),1.937,1.176,0.538,0.406
Roi Danzig (USA),1.291,1.122,0.432,0.327
Van Der Linden (FR),0.894,1.24,0.408,0.288
Fijar Tango (FR),1.66,1.281,0.39,0.296
Sarpedon I (FR),0,0,0.41,0.338
Pamponi (FR),0,0,0,0
Access Ski (GB),0,0,0.35,0.222
Legend Of France (USA),3.169,1.584,0.681,0.535
Solidoun (FR),0,0,0.071,0.01
Sir Felix (FR),1.66,1.204,0.738,0.571
Officiel (FR),0,0,0.356,0.176
Frimaire (GB),1.162,0.742,0.622,0.489
River Bay (USA),2.583,1.455,0.482,0.37
Alesso (USA),0,0,0.855,0.733
Point Of No Return (FR),0,0,0.577,0.353
Poliglote (GB),2.712,1.032,0.722,0.604
Ganges (USA),0,0,0.463,0.277
Synefos (USA),0.85,0.815,0.46,0.317
Standiford (USA),0.375,0.37,0.47,0.328
Chef De Clan (FR),0,0,0.663,0.532
Kendor (FR),0,0,0.662,0.509
Taos (IRE),0,0,0.369,0.242
Cajetano (USA),2.324,0.625,0.633,0.528
Vaguely Pleasant (FR),3.874,1.302,0.745,0.664
Commander In Chief (GB),4.649,1.49,0.814,0.701
True Brave (USA),2.113,1.089,0.578,0.454
Jallad (USA),0,0,0.625,0.464
Scooter Bleu (IRE),0,0,0.091,0.025
Nashamaa (IRE),0.894,0.504,0.53,0.419
Out Of Place (USA),0,0,0.211,0.108
Bad Conduct (USA),0,0,0.474,0.332
Zabeel (NZ),1.291,0.85,0.718,0.541
Jamesmead (GB),0,0,0.475,0.317
Right Win (IRE),0.596,0.522,0.446,0.322
Port Lyautey (FR),1.788,0.937,0.612,0.513
Ethique (ARG),4.358,1.985,0.602,0.525
Al Mufti (USA),1.66,0.457,0.708,0.547
Broadsword (USA),0.83,0.831,0.401,0.272
Marchand De Sable (USA),3.486,0.888,0.661,0.528
Welsh Captain (GB),0.775,0.867,0.388,0.245
High Roller (IRE),0.439,0.573,0.344,0.201
Henbit (USA),1.038,0.987,0.417,0.29
Scottish Reel I (IRE),0,0,0.207,0.15
Perrault (GB),1.256,0.765,0.53,0.404
Rose Laurel (GB),2.905,3.002,0.742,0.583
Ilium (GB),0.646,0.529,0.336,0.207
Le Riverain (FR),0.894,1.131,0.538,0.351
Ikdam (GB),1.125,0.863,0.498,0.373
Black Minstrel (GB),0,0,0.41,0.225
Magical Strike (USA),1.025,1.111,0.548,0.397
Exattic (USA),5.811,3.699,0.918,0.85
Macmillion (GB),2.905,1.646,0.82,0.698
Sizzling Melody (GB),0,0,0.6,0.36
Electric I (GB),0,0,0.308,0.189
Brotherly (USA),2.905,2.274,0.462,0.429
Matahawk (GB),0,0,0,0
Mystiko (USA),0,0,0.546,0.401
Silver Rainbow (GB),0,0,0.31,0.19
Crested Lark (GB),0,0,0.313,0.197
Revolutionary I (USA),0,0,0.26,0.146
Casteddu (GB),0.861,1.255,0.308,0.179
Riberetto (GB),0.684,0.489,0.459,0.295
Norton Challenger (GB),0,0,0.279,0.189
Sharp Charter (GB),0.894,1.045,0.3,0.209
Ecossais I (FR),0,0,0,0
Bustino (GB),1.056,0.664,0.527,0.386
Idiots Delight (GB),0,0,0.643,0.443
Sicyos (USA),5.811,1.69,0.773,0.699
Balinger (GB),0.83,0.776,0.43,0.302
Balleroy (USA),0,0,0.46,0.31
Iron Duke (FR),0,0,0.41,0.338
Northern Flagship (USA),1.202,0.921,0.578,0.425
Dauphin Du Bourg (FR),2.905,0.932,0.621,0.509
Dushyantor (USA),1.564,1.248,0.566,0.428
Sheyrann (IRE),1.245,1.106,0.499,0.34
Celtic Arms (FR),5.811,1.167,0.711,0.68
Beaudelaire (USA),3.32,2.149,0.632,0.488
Tale Of The Cat (USA),0.85,0.606,0.489,0.342
Lesotho (USA),3.169,1.594,0.546,0.468
Erdelistan (FR),1.291,1.577,0.593,0.45
Alkalde (GER),3.058,1.447,0.709,0.605
Robin Des Pres (FR),5.811,1.651,0.86,0.769
Rhoman Rule (USA),0,0,0.255,0.089
Cosmonaut (GB),1.585,1.178,0.518,0.396
Spanish Place (USA),0.298,0.329,0.504,0.322
Son Of Silver (GB),0,0,0.262,0.173
Iris Noir (FR),4.842,1.869,0.652,0.558
Kaldou Star (GB),3.874,1.714,0.806,0.669
Port Etienne I (FR),7.748,2.761,0.667,0.667
Sayaarr (USA),0.684,0.58,0.306,0.204
Merrymount (GB),0.968,1.087,0.367,0.286
Sky Chase (NZ),0,0,0.4,0.16
Kylian (USA),2.011,1.368,0.646,0.514
The Wonder (FR),0,0,0.468,0.251
Rivelago (FR),0,0,0.157,0.058
Bustineto (GB),1.937,1.649,0.407,0.294
Northern Park (USA),1.162,0.978,0.576,0.425
Panoramic I (GB),0.83,1.017,0.378,0.243
Classic Memory (GB),1.291,1.264,0.601,0.463
Rochesson (FR),0,0,0.318,0.202
Cataldi (GB),0.323,0.34,0.377,0.269
Nordance (USA),0,0,0.233,0.163
Cashwyn (GB),0,0,0,0
Out Of Hand (GB),0,0,0,0
Almoojid (GB),3.874,2.18,0.4,0.36
Hushang (IRE),2.051,1.219,0.506,0.407
Forest Wind (USA),1.223,0.959,0.41,0.271
Homme De Loi (IRE),1.367,0.606,0.541,0.374
Tzar Rodney (FR),3.874,1.537,0.733,0.608
Semillon (GB),0.634,0.617,0.389,0.263
Nordic Brave (GB),1.056,0.591,0.68,0.534
Riverman (USA),1.859,1.364,0.596,0.484
Versailles Road I (USA),0,0,0.234,0.166
Freeland (FR),2.324,0.691,0.645,0.514
Aristocracy (IRE),0.968,0.852,0.475,0.347
Valanour (IRE),2.905,1.625,0.417,0.361
Lost World (IRE),1.011,0.866,0.358,0.232
Kadounor (FR),0,0,0.343,0.261
Southern Music (GB),0,0,0.15,0.062
Miners Lamp (GB),0,0,0.106,0.045
Djarvis (FR),0,0,0.691,0.484
Sky Lawyer (FR),2.905,2.001,0.685,0.562
Le Coq DOr (GB),1.453,1.844,0.464,0.358
Comme LEtoile (GB),0,0,0.114,0.046
Brocco (USA),2.324,1.934,0.535,0.433
Sunley Builds (GB),0,0,0.4,0.247
Hereward The Wake (USA),0,0,0.15,0.034
Bar Dexter (USA),0,0,0.667,0.444
Derring Rose (GB),0,0,0.556,0.309
Killer Instinct (GB),0,0,0.216,0.081
Cape Canaveral (USA),0,0,0.522,0.353
Dixieland Band (USA),1.516,0.835,0.623,0.488
Acambaro (GER),2.324,2.137,0.486,0.373
Montjoy (USA),0,0,0.447,0.276
Great Commotion (USA),0.82,0.676,0.539,0.378
Adieu Au Roi (IRE),0,0,0.263,0.101
Wadood (USA),0,0,0.37,0.205
Military Fashion (GB),0,0,0.444,0.204
Mamalik (USA),0,0,0.359,0.155
Mazurek (GB),0,0,0,0
Carnegie (IRE),1.328,1.139,0.379,0.267
Devils Bag (USA),0,0,0.402,0.255
Kaldounevees (FR),1.859,1.105,0.558,0.444
Souvenir Copy (USA),0,0,0.469,0.306
Portrait Gallery (IRE),0.423,0.633,0.471,0.303
Hazaaf (USA),0,0,0.506,0.294
Fourth Of June (USA),0,0,0.146,0.064
Nomination (GB),0,0,0.211,0.07
Accondy (IRE),1.937,2.227,0.424,0.307
Cape Town (USA),0,0,0.363,0.217
Pairumani Star (IRE),0,0,0.534,0.353
Dernier Empereur (USA),1.162,0.953,0.497,0.422
Sooty Tern (GB),0,0,0.389,0.179
Zahran (IRE),1.937,3.587,0.419,0.289
Castle Keep (GB),0,0,0.423,0.283
Posidonas (GB),1.291,1.718,0.607,0.465
Solid Illusion (USA),2.905,2.157,0.278,0.253
Private Despatch (USA),0,0,0.232,0.071
High Ice (USA),0,0,0,0
Mistertopogigo (IRE),0,0,0.227,0.121
Kuwait Beach (USA),0,0,0.132,0.061
Goldneyev (USA),2.324,1.526,0.602,0.488
Neustrien (FR),1.66,1.701,0.345,0.258
Altountash (GB),0,0,0.295,0.133
Denham Red (FR),0.83,0.962,0.474,0.332
Nearly A Hand (GB),2.682,1.065,0.504,0.408
Signe Divin (USA),0.83,0.435,0.44,0.319
Baron Blakeney (GB),1.453,1.405,0.444,0.344
Lyphento (USA),0.646,0.518,0.422,0.286
Broad Brush (USA),0,0,0.335,0.127
Akarad (FR),2.324,1.262,0.529,0.413
Honour And Glory (USA),0,0,0.374,0.219
Nicholas (USA),0,0,0.409,0.24
Shahrastani (USA),0.258,0.316,0.437,0.271
Even Top (IRE),0.83,1.288,0.448,0.342
Mutamam (GB),0,0,0.485,0.34
Nugget Point (IRE),0,0,0.058,0.006
Tiznow (USA),1.453,2.121,0.529,0.382
Almushtarak (IRE),1.367,1.821,0.513,0.36
Unaccounted For (USA),1.453,3.726,0.349,0.212
Astair (FR),1.162,1.111,0.39,0.265
Don Corleone (GB),0,0,0.481,0.305
Hollow Hand (GB),0.553,0.701,0.413,0.262
New Reputation (GB),0,0,0.538,0.29
Fill My Hopes (FR),1.291,0.688,0.462,0.343
Luth Dancer (USA),0,0,0.538,0.369
Minds Music (USA),2.324,1.062,0.52,0.38
Rising (GB),0,0,0,0
Scribano (GB),0.917,0.776,0.511,0.38
Wild Law (GB),0,0,0.094,0.018
Thornberry (USA),0,0,0,0
Village Star (FR),3.874,0.723,0.8,0.687
Alpha Tauri (FR),0,0,0.158,0.039
Byzantium (FR),0,0,0.421,0.356
Classic I (GB),5.811,5.204,0.95,0.905
White Prince (USA),0,0,0.317,0.134
Salluceva (IRE),0,0,0.167,0.083
Toca Madera (IRE),1.66,1.444,0.47,0.398
Endeavour (USA),5.811,0.909,0.846,0.74
Broadway Flyer (USA),2.324,1.617,0.499,0.371
Vaquillo (USA),0,0,0.659,0.46
Landyap (USA),2.324,2.885,0.389,0.288
Cruise Missile (GB),0,0,0,0
Roi De Rome (USA),0,0,0.243,0.157
Scribe I (IRE),3.874,1.681,0.689,0.577
Joligeneration (GB),2.905,6.714,0.45,0.332
Dawn Johnny (USA),0,0,0.208,0.087
Freedoms Choice (USA),2.583,1.437,0.416,0.352
Ashmolean (USA),0,0,0.526,0.329
Freedom Cry (GB),1.291,0.569,0.56,0.407
Kambalda (GB),0,0,0.312,0.254
Itsu (USA),0,0,0.745,0.567
K-Battery (GB),0,0,0.278,0.12
Cupidon (FR),0,0,0.304,0.193
Wimbleball (GB),0,0,0.292,0.101
Governor General (GB),0,0,0.453,0.296
Caller I D (USA),0,0,0.476,0.314
Professional (IRE),3.874,7.361,0.717,0.574
You My Chief (GB),0,0,0,0
Peacock I (FR),1.788,1.407,0.326,0.256
Wakashan (GB),0,0,0.455,0.262
Gunboat Diplomacy (FR),0,0,0.325,0.117
Double Bed (FR),0.704,0.428,0.551,0.401
Gods Solution (GB),2.905,2.174,0.406,0.316
Loup Solitaire (USA),3.32,1.636,0.691,0.581
Indian River (FR),0,0,0.062,0.008
Northern Baby (CAN),1.453,0.833,0.767,0.606
Ore (IRE),0.342,0.31,0.429,0.272
Paris Opera (AUS),0,0,0,0
Lapierre (GB),2.324,1.283,0.502,0.396
Victory Dance I (IRE),0,0,0,0
Northern Crystal (GB),3.874,1.786,0.648,0.525
Honor Grades (USA),4.358,1.365,0.877,0.784
Dahar (USA),1.453,1.205,0.618,0.475
Lavirco (GER),1.291,0.782,0.45,0.346
Puget (USA),0,0,0.171,0.062
Pitchounet (FR),1.937,0.852,0.654,0.493
Westminster (NZ),0,0,0.153,0.034
Jendali (USA),0,0,0.352,0.211
King Among Kings (GB),0.528,0.709,0.486,0.321
Llandaff (USA),1.453,1.814,0.326,0.245
Tirley Gale (GB),0,0,0.348,0.199
Start Fast (FR),0.83,0.5,0.451,0.317
Le Nain Jaune (FR),0.775,0.596,0.257,0.173
Lyphard (USA),0,0,0.55,0.351
Miners Mark (USA),0,0,0.246,0.118
Barrys Gamble (GB),0,0,0.137,0.038
Forestry (USA),0,0,0.248,0.141
Artax (USA),0,0,0.476,0.243
El Gran Senor (USA),1.66,1.281,0.537,0.391
Quws (GB),0,0,0.458,0.309
Cotation (GB),0,0,0,0
Sugarfoot (GB),0,0,0.31,0.167
Woods Of Windsor (USA),0.179,0.21,0.365,0.232
Shantou (USA),11.621,4.5,1,1
Lit De Justice (USA),1.66,1.099,0.589,0.464
Faltaat (USA),2.324,1.317,0.343,0.289
Adnaan (IRE),0,0,0.727,0.529
Sendawar (IRE),0,0,0.504,0.31
Storm Boot (USA),0,0,0.43,0.294
J B Quick (GB),0,0,0.278,0.157
Yaheeb (USA),0,0,0.433,0.264
Protektor (GER),1.162,0.675,0.473,0.301
Marlin (USA),0,0,0.204,0.05
Myfontaine (GB),0,0,0.185,0.17
Tilden (IRE),5.811,9.512,0.667,0.556
Gentlemen (ARG),0,0,0.507,0.334
Half Iced (USA),7.748,5.235,0.842,0.81
King Persian (IRE),0.83,0.849,0.533,0.348
Favoured Nations (IRE),0,0,0.38,0.22
Regal Intention (CAN),0,0,0.441,0.21
Clearly Bust (GB),0.581,0.64,0.466,0.321
Helmsman (USA),0,0,0.386,0.245
Perfect Parade (USA),0,0,0.549,0.351
Top Of The World (GB),0,0,0.343,0.207
Heron Island (IRE),0,0,0.545,0.4
Solon (GER),0.894,1.001,0.533,0.374
Nucleon (USA),0,0,0.315,0.159
Bravefoot (GB),0.291,0.338,0.421,0.255
Fly So Free (USA),0,0,0.414,0.223
Vertical Speed (FR),0.83,0.985,0.403,0.281
Risen Star (USA),1.162,1.106,0.499,0.325
Zaizoom (USA),2.113,1.474,0.768,0.623
Viteric (FR),0,0,0.859,0.742
Meadowbrook (GB),0,0,0.326,0.184
Danzatore (CAN),0,0,0,0
Lithgie-Brig (GB),0,0,0.298,0.15
Pasternak (GB),0,0,0.514,0.309
Chocolat De Meguro (USA),0,0,0.094,0.027
Lagunas (GB),0.726,0.701,0.447,0.319
Supremo (USA),1.66,0.89,0.655,0.49
Running Stag (USA),0,0,0.417,0.181
Hennessy (USA),1.55,1.15,0.515,0.394
Clan Of Roses (GB),0,0,0.438,0.239
Shirley Heights (GB),1.291,1.024,0.494,0.376
Runnett (GB),0,0,0.232,0.093
Acteur Francais (USA),0,0,0.112,0.019
Capote (USA),1.056,0.825,0.388,0.244
Lure (USA),0.996,0.853,0.495,0.351
Marias Mon (USA),2.324,0.997,0.56,0.426
Tachyon Park (GB),0,0,0.243,0.104
Capolago (GB),0.704,1.14,0.394,0.227
Personal Flag (USA),0,0,0.613,0.454
Lights Out (FR),1.025,0.699,0.538,0.379
Flying Legend (USA),1.55,1.54,0.595,0.441
Mohaajir (USA),0.612,0.911,0.322,0.177
Secret Appeal (GB),0,0,0.077,0.006
Arctic Cider (USA),0.302,0.272,0.511,0.348
Captain Maverick (USA),0,0,0.444,0.198
Smart Strike (CAN),1.056,0.655,0.618,0.457
Silver Deputy (CAN),2.905,1.796,0.873,0.778
Twining (USA),1.937,0.998,0.696,0.56
Delta Dancer (GB),0,0,0.393,0.224
Denebola Way (GR),0,0,0.643,0.481
Tiger Ridge (USA),0,0,0.067,0.007
Langfuhr (CAN),3.32,2.156,0.613,0.48
Lemon Drop Kid (USA),1.585,1.326,0.638,0.486
Septieme Ciel (USA),1.291,1.217,0.42,0.275
Russian Red (GB),0,0,0.153,0.024
Beat All (USA),0,0,0.294,0.126
Meadowlake (USA),0,0,0,0
Mystery Storm (USA),2.905,1.599,0.772,0.616
Point Given (USA),0,0,0.422,0.268
Real Quiet (USA),2.905,5.332,0.514,0.382
Marquetry (USA),0,0,0.25,0.083
Not For Love (USA),0,0,0.592,0.367
Yankee Victor (USA),0,0,0.847,0.718
Mr Greeley (USA),0,0,0.522,0.393
Tharqaam (IRE),0,0,0,0
The Star Of Orion VII (GB),0,0,0.642,0.427
Sakti (NZ),0,0,0.585,0.417
Cache Of Gold (USA),0,0,0.429,0.286
Prairie (GB),0,0,0.695,0.517
Hadeer (GB),0,0,0.25,0.062
Samhoi (USA),0,0,0,0
Abednego (IRE),1.291,1.173,0.229,0.168
Baby Bid (USA),0,0,0.514,0.275
Shaddad (USA),0.83,0.951,0.438,0.283
Riverquest (FR),0,0,0.6,0.36
Forty Niner (USA),1.162,1.289,0.494,0.356
Brier Creek (USA),0,0,0.272,0.117
Samraan (USA),0,0,0.437,0.291
Humbel (USA),0,0,0.378,0.197
Lord Avie (USA),3.874,1.034,0.673,0.613
Deltic (USA),0,0,0.222,0.074
Runaway Groom (CAN),0,0,0.249,0.102
Housamix (FR),0,0,0.499,0.304
Mister Sicy (FR),0,0,0.383,0.279
Ardross (GB),1.162,0.799,0.432,0.316
Chilibang (GB),0,0,0.409,0.254
Houmayoun (FR),0.484,0.621,0.422,0.271
His Royal Highness (NZ),0,0,0.114,0.039
Arcane (USA),0,0,0.571,0.327
Equalize (USA),0,0,0.42,0.234
Rubicund (GB),0,0,0.143,0.02
Mansooj (GB),0,0,0,0
Little Wolf (GB),0,0,0.5,0.25
Crash Course (GB),0,0,0.5,0.25
Cardinal Flower (GB),1.66,1.813,0.562,0.386
Czaravich (USA),0,0,0.667,0.444
Bustomi (GB),0,0,0.223,0.073
River Special (USA),0,0,0.091,0.008
Catienus (USA),2.583,2.104,0.551,0.393
Manhal (GB),0.894,0.754,0.623,0.448
Mondrian (GER),0,0,0.516,0.367
Gorse (GB),0,0,0.086,0.011
Upper Heights (GER),0,0,0.372,0.178
Kadastrof (FR),0,0,0.273,0.108
Enjoy Plan (USA),0,0,0.514,0.415
In A Tiff (IRE),1.162,1.398,0.287,0.221
Jape (USA),1.835,0.804,0.562,0.417
Teresio (GB),0,0,0.76,0.588
Set Adrift (GB),0,0,0.258,0.113
Lir (GB),0,0,0.446,0.204
Valville (FR),1.162,0.802,0.53,0.379
Phantom Breeze (IRE),1.453,1.19,0.521,0.372
Le Thuit Signol (FR),0,0,0.188,0.07
Macanal (USA),1.66,1.396,0.458,0.327
Lord Of Men (GB),0,0,0.542,0.346
Kaldoun (FR),3.874,2.137,0.4,0.347
Halcon (GB),4.649,1.767,0.735,0.681
Rajpoute (FR),0,0,0.5,0.25
Abzu (GB),0.775,0.813,0.342,0.248
Vague Shot (GB),0,0,0.137,0.03
Sadlers Way (GB),0,0,0.083,0.009
Siam (USA),0,0,0.352,0.221
Amboise (GB),0,0,0.095,0.054
Tawrrific (NZ),2.113,2.092,0.565,0.412
River God I (USA),0,0,0.299,0.176
Jester (GB),0,0,0.035,0.006
Graveron (FR),0,0,0.235,0.072
No Ski (GB),0,0,0.44,0.245
Gold And Ivory (USA),3.874,0.966,0.583,0.521
Numerous (USA),0.581,0.824,0.495,0.293
Mountain Cat (USA),0,0,0.609,0.381
Eves Error (IRE),0,0,0.368,0.265
Carlton (GER),0,0,0.273,0.223
In Camera (IRE),0,0,0.083,0.014
Silver Charm (USA),0,0,0.583,0.347
Owington (GB),0,0,0.355,0.213
Awesome Again (CAN),2.905,1.007,0.875,0.774
Gleaming (IRE),1.937,4.676,0.476,0.346
Subordination (USA),0,0,0.488,0.281
Shavian (GB),0,0,0.553,0.333
Midhish (GB),0.42,0.456,0.355,0.213
American Chance (USA),0,0,0.321,0.191
Luhuk (USA),0,0,0.631,0.398
Bayolidaan (FR),3.169,0.898,0.585,0.493
Esteem Ball (FR),0,0,0.157,0.087
Lammtarra (USA),0,0,0.413,0.288
Gold And Steel (FR),0,0,0.444,0.308
Riot Helmet (IRE),0,0,0.68,0.473
Classic Music (USA),3.874,3,0.886,0.792
Hawkers News (IRE),0,0,0.364,0.132
Executive Man (GB),2.905,2.003,0.588,0.469
Somayda (IRE),1.291,1.496,0.395,0.261
Montbrook (USA),0,0,0.551,0.401
Muhtathir (GB),0,0,0.443,0.295
Bite The Bullet (USA),0,0,0.499,0.316
Balnibarbi (GB),0.612,0.799,0.479,0.323
Proud Panther (FR),0,0,0.528,0.347
Subotica (FR),3.874,5.005,0.745,0.608
Rhythm (USA),1.291,1.999,0.502,0.331
Cragador (GB),0,0,0.736,0.563
Torrential (USA),0,0,0.434,0.284
Hula Town (NZ),1.291,0.931,0.545,0.463
Android (USA),0,0,0,0
Doulab (USA),0,0,0.448,0.256
Legal Bwana (GB),0,0,0.538,0.342
Riva Marquee (GB),0,0,0,0
Comte Du Bourg (FR),0,0,0.238,0.17
Fresh Breeze (USA),0,0,0.453,0.291
Buckley (GB),0,0,0.1,0.04
Motivate I (GB),0,0,0.411,0.195
Lucky Guest (IRE),1.768,1.109,0.631,0.499
Sylvan Express (GB),1.937,4.502,0.591,0.386
Secret Of Success I (GB),0,0,0.387,0.255
Durgam (USA),0,0,0.181,0.062
Tropular (GB),0,0,0,0
Elbio (GB),0.867,0.766,0.516,0.356
Varese (FR),0,0,0.61,0.404
Picea (GB),0,0,0.102,0.017
Duke Valentino (GB),0,0,0.337,0.217
Black Monday (GB),1.892,1.506,0.546,0.418
Greinton (GB),2.905,0.844,0.677,0.615
Silver Pistol (AUS),0,0,0.25,0.147
Lyphards Wish (FR),0,0,0.399,0.256
Millfontaine (GB),1.162,1.235,0.416,0.243
Domitor (USA),0,0,0.208,0.087
Petit Montmorency (USA),1.66,1.165,0.458,0.379
Arctic Tern (USA),0,0,0.416,0.198
Ardar (GB),0,0,0.405,0.256
King Luthier (GB),0,0,0.285,0.157
Alfie Dickins (GB),1.453,1.957,0.347,0.203
Dock Leaf (GB),0,0,0.263,0.146
Kala Shikari (GB),0,0,0.292,0.13
Northern Legend (GB),0,0,0,0
Invited (USA),0,0,0.435,0.292
Tudor Diver (GB),0,0,0,0
Poets Dream I (IRE),2.905,2.417,0.667,0.576
Majestic Twoeleven (USA),1.291,0.626,0.515,0.404
Mutamarrid (GB),0,0,0.278,0.154
Highlands I (GB),0,0,0.573,0.433
PlayNtothegallery (IRE),0,0,0.373,0.188
Germont (GB),0,0,0,0
Golden Lahab (USA),0,0,0.308,0.095
Dress Parade (GB),0,0,0.511,0.407
Moshaajir (USA),0,0,0.605,0.41
Imperial Seal (GB),0,0,0.875,0.766
Orfano (GER),0,0,0.287,0.167
Star Way (GB),1.937,1.088,0.48,0.361
Vital Season (GB),0,0,0.769,0.592
Malaspina (GB),0,0,0,0
Phountzi (USA),0,0,0,0
Andretti I (GB),0.726,0.903,0.352,0.247
Tip Moss (FR),0,0,0.444,0.328
Sharpo (GB),2.324,3.527,0.218,0.202
Northern Amethyst (GB),0,0,0.364,0.196
Epaphos (GER),0,0,0.174,0.068
Bold Fox (GB),0,0,0.101,0.023
Lighter (GB),0,0,0.197,0.1
Genereux Genie (GB),2.905,1.573,0.631,0.545
Dadarissime (FR),0,0,0.635,0.482
Say Primula (GB),0,0,0.4,0.16
Lord Of Appeal (GB),0,0,0.342,0.185
Cool Jazz (GB),0,0,0.377,0.199
Surako (GER),3.874,1,0.808,0.689
Doubletour (USA),0.465,0.523,0.323,0.205
Grape Tree Road (GB),3.874,1.099,0.838,0.723
Two Punch (USA),0,0,0.427,0.19
Destroyer I (GB),11.621,9,1,1
Badolato (USA),0,0,0.429,0.276
West China (GB),0,0,0.254,0.121
Alamo Bay (USA),1.937,1.174,0.501,0.36
Tabasco Cat (USA),0.83,0.463,0.531,0.391
Fort Wood (USA),0,0,0.244,0.067
Basanta (IRE),2.179,1.982,0.649,0.519
Avarice (GB),5.811,4.247,0.702,0.627
Kizitca (FR),0,0,0.318,0.216
Gone Fishin (IRE),0,0,0.234,0.132
Kind Of Hush (GB),3.874,3.276,0.889,0.798
Balsamo (FR),3.874,1.435,0.381,0.34
Yachtsman (USA),0,0,0.056,0.006
Rushmere (GB),0,0,0.286,0.163
Odin I (FR),0,0,0,0
Konigsstuhl (GER),0,0,0.778,0.605
Lampon (FR),0,0,0.263,0.139
Advise (FR),0,0,0.48,0.264
Unblest (GB),0.484,0.444,0.502,0.339
Little Jim (GB),0,0,0.023,0.002
Pulpit (USA),0,0,0.529,0.336
Grey Dawn II (GB),0.775,0.987,0.421,0.23
Stephen Got Even (USA),0,0,0.539,0.363
Exploit (USA),0.775,0.729,0.466,0.335
Cherokee Run (USA),0,0,0,0
Aptitude (USA),0,0,0.574,0.337
Marmato (GB),0,0,0.667,0.472
Le Solaret (FR),0,0,0.532,0.294
Hellios (USA),1.66,0.793,0.552,0.452
Petionville (USA),1.162,1.326,0.492,0.342
Carson City (USA),0,0,0.39,0.232
Bobinski (GB),1.937,1.849,0.445,0.305
Enrique (GB),0,0,0.485,0.373
Seattle Dancer (USA),0,0,0.146,0.057
Mango Express (GB),0,0,0.778,0.606
My Generation (GB),0,0,0,0
Touch Gold (USA),0,0,0.416,0.229
Mbaiki (FR),0,0,0.8,0.64
Pocketed (USA),5.811,5.234,0.938,0.883
Flying Pegasus (IRE),0,0,0.438,0.191
Weet-A-Minute (IRE),0,0,0.067,0.013
Prince Of Peace (GB),0,0,0.5,0.25
Rebelsway (GB),0,0,0.091,0.025
Roviris (GB),0,0,0,0
Kadeed (IRE),0.85,0.826,0.394,0.272
Rangoon I (FR),0,0,0.133,0.036
Rainbow Myth (NZ),0,0,0.121,0.015
Art Francais (USA),0,0,0.2,0.04
Path Of Condie (GB),0,0,0.286,0.119
Treasure Kay (GB),0,0,0.322,0.139
Strike Diamonds (NZ),3.874,2.353,0.807,0.684
Michel Georges (GB),0,0,0.133,0.053
Dark Stone I (FR),0,0,0,0
Strategic (AUS),0,0,0.459,0.261
Meneval (USA),0,0,0.428,0.288
Kasmayo (GB),0.894,0.48,0.455,0.363
Bluffer (GB),0,0,0.091,0.017
Saxon Farm (GB),0,0,0.347,0.153
Convinced (GB),0.83,1.205,0.284,0.187
Gulland (GB),0,0,0.383,0.187
Surumu (GER),0,0,0.042,0.003
Restless Carl (IRE),5.811,1.414,0.909,0.835
River Mist (USA),0.83,0.389,0.552,0.399
Magic Of Sydney (AUS),0,0,0.216,0.048
General Holme (USA),0,0,0.569,0.435
Grey Desire (GB),0,0,0.188,0.053
Bollin William (GB),0,0,0.604,0.438
Love The Groom (USA),0,0,0,0
Courteous (GB),0,0,0.579,0.335
Long Leave (GB),0,0,0.188,0.07
General Gambul (GB),0,0,0.403,0.294
Kadrou (FR),0,0,0.417,0.181
Aboo Hom (GB),0,0,0,0
Parade Marshal (USA),5.811,1.35,0.938,0.884
Bid For Blue (GB),0,0,0.042,0.003
Arrasas (USA),0,0,0,0
Pioneering (USA),0,0,0.217,0.07
You And I (USA),0,0,0,0
Hello Mister (GB),0,0,0.116,0.02
Commendable (USA),0,0,0.642,0.415
Somersham (USA),0,0,0.333,0.111
Friul (ARG),2.905,3.073,0.592,0.42
Mizoram (USA),0,0,0.656,0.433
Royal Court I (IRE),0,0,0.679,0.509
Chickawicka (IRE),0,0,0.167,0.059
Tony Galvin (GR),1.937,1.205,0.58,0.47
Commands (AUS),0,0,0.614,0.514
Siphon (BRZ),0,0,0.9,0.81
Louis Quatorze (USA),0,0,0.174,0.092
Old Trieste (USA),0,0,0.414,0.277
General Assembly (USA),0,0,0.279,0.181
Kateb (IRE),0,0,0.171,0.033
Funambule (USA),0,0,0.331,0.124
Poyle George (GB),0,0,0.642,0.501
Carr De Naskra (USA),0,0,0.218,0.058
Ocean Of Wisdom (USA),6.973,2.909,0.809,0.71
Mighty (USA),0,0,0.708,0.545
Limnos (JPN),0,0,0.764,0.584
Nalchik (USA),0,0,0,0
Down The Hatch (GB),0,0,0.242,0.088
Espere DOr (GB),3.874,13.551,0.489,0.37
Masad (IRE),0,0,0,0
Actinium (FR),0,0,0.33,0.118
Missolonghi (USA),0,0,0.5,0.25
Lucky Wednesday (GB),0,0,0,0
DervishI (GB),0,0,0.062,0.004
Chakiris (USA),0,0,0.323,0.159
Macs Imp (USA),0,0,0.294,0.168
Remainder Man (GB),0,0,0.273,0.074
Dehere (USA),0,0,0,0
Song Of The Woods (GB),0,0,0.265,0.114
Feelings (FR),0,0,0,0
Nader I (GB),0,0,0.188,0.078
Mellifont (USA),0,0,0,0
Cobra King (USA),0,0,0.8,0.64
Glenstal (USA),0,0,0.177,0.032
Dolpour (IRE),0,0,0.833,0.694
Aelan Hapi (USA),0,0,0,0
Menifee (USA),0,0,0.5,0.25
Always Fair (USA),0,0,0.125,0.016
Ramsey Hope (GB),0,0,0,0
Keos (USA),0,0,0.251,0.07
Mazel Trick (USA),0,0,0,0
King Of The Heap (USA),0,0,0.185,0.055
Shy Groom (USA),0,0,0.667,0.444
Bold Fort (GB),0,0,0.083,0.021
Rymer (GB),0,0,0,0
Fascinating Way (GR),0,0,0,0
Decent Fellow (GB),0,0,0,0
Moon Madness (GB),5.811,1.585,0.9,0.82
Mesleh (GB),2.324,1.315,0.462,0.397
Gypsy Castle (GB),0,0,0,0
Less Ice (GB),0,0,0,0
Noblequest (FR),0,0,0,0
Mister Majestic (GB),0,0,0,0
Desse Zenny (USA),0.553,0.558,0.453,0.301
Vitus (GB),0,0,0.818,0.669
Maelstrom Lake (GB),0,0,0.288,0.09
Sacrament (GB),5.811,6.476,0.55,0.505
Ski Chief (USA),0,0,0.4,0.285
Who Knows I (IRE),0,0,0,0
Nile Delta (IRE),0,0,0,0
Ile De Chypre (GB),0,0,0.7,0.5
Sharkskin Suit (USA),0,0,0,0
Bakharoff (USA),0,0,0.429,0.184
Tromeros (GB),0,0,0.143,0.041
Current Edition (IRE),0,0,0.071,0.005
Fastness (IRE),0,0,0.444,0.198
Queens Soldier (USA),0,0,0.167,0.028
Cat Thief (USA),0,0,0.2,0.04
Young Freeman (USA),0,0,0,0
St Hilarion (USA),0,0,0,0
Sharifabad (IRE),0,0,0.475,0.314
Milesius (USA),0,0,0,0
Crofthall (GB),0,0,0.546,0.32
Distinct Native (GB),0,0,0,0
Taishan (GER),0,0,0,0
Bojador (FR),0,0,0,0
Be Happy (NZ),0,0,0.268,0.084
Ambroise I (FR),0,0,0,0
Saratoga Springs (CAN),5.811,1.557,0.969,0.939
War Hero (GB),0,0,0.367,0.224
Insatiable (IRE),0,0,0.2,0.08
Well Beloved (GB),5.811,9.92,0.808,0.689
Tamayaz (CAN),0,0,0,0
Tigani (GB),0,0,0.038,0.003
Labus (FR),0,0,0.467,0.218
Ungaro (GER),0,0,0.867,0.751
House Rules I (USA),0,0,0,0
Astarabad (USA),0,0,0.909,0.826
Pontevecchio Notte (GB),0,0,0.2,0.04
Secret Haunt (USA),0,0,0,0
Dounba (FR),0,0,0,0
Daun (GER),2.734,1.615,0.592,0.48
Mandelbaum (GER),1.291,1,0.639,0.509
Port Lucaya (GB),1.291,1.667,0.507,0.361
Majestic Light (USA),0,0,0.398,0.226
Man Remains (IRE),11.621,2.75,1,1
Shujan (USA),0,0,0.083,0.021
Capitano (GB),0,0,0.402,0.249
Pimpernels Tune (GB),0,0,0.275,0.115
Dabali (IRE),1.937,2.341,0.537,0.4
Spicy Story (USA),0,0,0.791,0.634
Alydeed (CAN),0,0,0.222,0.066
Fairydel (IRE),4.649,1.745,0.831,0.726
Padre Pio (GB),0,0,0.445,0.275
Woodpas (USA),0.968,1.206,0.411,0.288
Naiyli (GB),0,0,0.327,0.172
Bowling Pin (GB),0,0,0.597,0.418
Take Risks (FR),1.835,0.943,0.635,0.507
Ashford (USA),0,0,0.616,0.467
Exodal (USA),0,0,0.596,0.365
St Columbus (GB),0,0,0.192,0.074
General View (GB),0,0,0.596,0.447
Stetchworth (USA),0,0,0.593,0.452
Visto Si Stampi (IRE),0,0,0.682,0.56
Prince Rooney (IRE),0,0,0.134,0.043
Farma Way (USA),1.291,0.929,0.467,0.339
Chinook Eclipse (USA),0,0,0.4,0.16
Verglas (IRE),0.646,0.448,0.624,0.472
Seamanship (GB),0,0,0.301,0.139
Air Quest (GB),0,0,0.504,0.292
Radical (GB),0,0,0,0
Mr Confusion (IRE),0.684,0.831,0.519,0.347
Corradini (GB),0,0,0.262,0.145
Golden Tornado (IRE),0,0,0.5,0.255
Legal Pressure (USA),0,0,0.095,0.014
Tawriffic (NZ),0,0,0.174,0.036
Volochine (IRE),0,0,0.496,0.277
Orpen (IRE),5.811,1.05,0.938,0.883
Flaming Feather (GB),1.056,0.878,0.552,0.436
Sharemono (USA),0,0,0,0
Looking For (GB),0,0,0,0
Victory Gallop (CAN),0,0,0.36,0.149
Saumarez (GB),0,0,0.394,0.318
Dalal (FR),0,0,0.412,0.17
Political Merger (USA),1.453,2.13,0.318,0.237
Saint Cyrien (FR),3.32,1.687,0.515,0.443
Runyon (IRE),1.291,0.564,0.814,0.697
Sylvan Point (GB),0,0,0.399,0.176
Ball Park (NZ),0,0,0.304,0.139
Danewin (AUS),0,0,0.308,0.113
Bereg (USA),0,0,0.514,0.319
Project Manager (GB),2.324,1.433,0.485,0.353
Almaarad (IRE),0,0,0.398,0.225
Desert Of Wind (USA),0,0,0.451,0.27
All My Dreams (IRE),0,0,0.311,0.109
Long Pond (IRE),0,0,0.51,0.355
Sea Hero (USA),0,0,0.554,0.308
Naevus (USA),0,0,0.483,0.285
Persian Brave (IRE),1.056,1.189,0.393,0.214
Dyhim Diamond (IRE),0,0,0.685,0.487
Salt Dome (USA),0,0,0.287,0.111
Stormy Atlantic (USA),0,0,0.505,0.255
Seabrook (USA),0,0,0.092,0.018
Borovoe (GB),0,0,0.387,0.214
Temporal (GER),3.874,2.406,0.873,0.773
Tornabuoni (GB),0,0,0.339,0.22
Maramouresh (IRE),0,0,0.286,0.082
Arc Bright (IRE),0,0,0,0
Summer Squall (USA),0,0,0.398,0.23
Habs Lad (GB),0,0,0.152,0.046
Pistols And Roses (USA),0,0,0.176,0.062
Trigon (GB),0,0,0.367,0.146
Sanchi Steeple (GB),0,0,0,0
Military (USA),0,0,0.785,0.624
Fools Holme (USA),0,0,0.105,0.011
Kenmare (FR),0,0,0.364,0.264
White Christmas (GB),0,0,0.447,0.228
Finalto (GB),0,0,0.054,0.003
Lord Noble (IRE),0,0,0.143,0.041
Parliament I (GB),11.621,10.408,1,1
Febrino (GB),0,0,0.504,0.384
Stereo I (USA),0,0,0.26,0.117
Beau Zephyr (AUS),0,0,0,0
Wolf Power (SAF),1.937,0.912,0.671,0.59
Blaze OGold (USA),0,0,0.667,0.444
Flying Chevron (USA),0,0,0.6,0.4
Successful Appeal (USA),0,0,0.303,0.148
New Express (GB),0,0,0.185,0.047
Architect I (USA),0,0,0.471,0.221
Cicerao (IRE),0,0,0.826,0.682
Acting Brave (GB),0,0,0.2,0.04
Daar Alzamaan (IRE),1.937,2.537,0.664,0.468
African Chimes (GB),3.874,3.223,0.775,0.63
Sea Freedom (GB),0,0,0.2,0.04
Arawak I (USA),0,0,0,0
Try Prospect (USA),0,0,0.322,0.158
Close Conflict (USA),0,0,0.283,0.159
Sultry Song (USA),0,0,0.145,0.032
Ballinvella Boy (GB),0,0,0.419,0.206
Bruff Crozier (GB),0,0,0.688,0.473
Editors Note (USA),0,0,0.3,0.135
Alysheba (USA),2.905,1.728,0.718,0.574
Noir Et Or (GB),0,0,0.05,0.004
Sirsan (IRE),5.811,2.87,0.607,0.523
Doneraile Court (USA),0,0,0,0
Struggler (GB),0,0,0,0
Cashel Court (GB),0,0,0.605,0.425
Sunshine Street (USA),0,0,0.183,0.052
Orange Reef (GB),0,0,0.224,0.094
Vasco (USA),0,0,0.05,0.005
Comet Shine (CAN),0,0,0.5,0.25
Munir (GB),0,0,0.26,0.121
Niels (GB),0,0,0.449,0.257
Desert Secret (IRE),0,0,0,0
Colonel Godfrey (USA),0,0,0.398,0.159
Royal Canal (USA),0,0,0.635,0.495
Conquering Hero (USA),0,0,0.344,0.236
Le Bavard (FR),0,0,0.133,0.018
Sheer Grit (GB),0,0,0.167,0.028
Coronado (IRE),3.874,8.029,0.617,0.47
Hazaam (USA),0,0,0.267,0.213
Carmelite House (USA),0,0,0.102,0.016
Coquelin (USA),0,0,0.133,0.018
Sagamix (FR),0,0,0.562,0.32
Lion DOr (USA),0,0,0,0
Mummys Luck (GB),0,0,0.824,0.678
Lord Upton (IRE),0,0,0.087,0.008
Abary (GER),0,0,0.571,0.354
House Of Cards (IRE),0,0,0.323,0.112
Welsh Lion (IRE),0,0,0.111,0.037
Wall Street Dancer (USA),0,0,0.067,0.009
Modern Dancer (GB),0,0,0.106,0.014
Glad Dancer (GB),0,0,0.176,0.031
Estimraar (IRE),0,0,0.722,0.522
Regal Classic (CAN),0,0,0.062,0.004
Precious Metal (GB),0,0,0.267,0.071
Rimilis (GB),0,0,0,0
Exactly Sharp (USA),0,0,0,0
Tulac An Iarainn (GB),0,0,0.733,0.538
Parole (GB),0,0,0.693,0.489
Victory Speech (USA),0,0,0.4,0.16
