trainer,IV,A/E,PRB,PRB2
Howard Johnson,1.921,1.006,0.505,0.389
Tim Easterby,0.985,0.815,0.501,0.348
Richard Fahey,1.205,0.85,0.542,0.387
Ferdy Murphy,1.265,0.819,0.493,0.371
Keith Reveley,1.376,0.893,0.552,0.414
John Wade,1.211,1.19,0.449,0.325
L Lungo,1.795,0.867,0.525,0.402
Peter Niven,0.857,1.169,0.402,0.262
William Amos,0.465,0.43,0.429,0.327
C W Thornton,0.426,0.5,0.436,0.279
Richard Guest,1.306,0.839,0.528,0.381
Ron Barr,0.365,0.529,0.492,0.322
Sue Smith,1.511,1.013,0.52,0.395
Wilf Storey,0,0,0.374,0.229
H H G Owen,0,0,0.309,0.144
Kevin Morgan,0.456,0.536,0.414,0.282
Stephen Clark,0.394,0.445,0.415,0.293
Geoffrey Harker,1.788,1.154,0.551,0.422
Kevin Hunter,0,0,0.171,0.041
Barry Leavy,0.474,0.762,0.276,0.171
James Turner,0.93,0.852,0.456,0.324
John Mackie,0.73,0.635,0.483,0.337
Brian Ellison,0.96,0.766,0.51,0.35
Jedd OKeeffe,1.099,1.244,0.485,0.326
Alan Swinbank,1.541,1.063,0.555,0.41
Noel Chance,1.473,0.83,0.542,0.425
Mark Buckley,0.668,0.677,0.46,0.292
Michael Easterby,0.733,0.655,0.484,0.337
Fred Kirby,0.553,0.767,0.305,0.187
Simon Shirley-Beavan,1.291,1.421,0.289,0.218
J P Dodds,0,0,0.2,0.04
Richard Phillips,1.617,1.064,0.475,0.367
Chris Bealby,0.585,0.46,0.483,0.345
Tony Forbes,0,0,0.237,0.107
Ian Brown,1.011,1.047,0.564,0.41
C Von Der Recke,1.788,0.99,0.496,0.384
Martin Todhunter,1.256,0.896,0.473,0.337
Heather Dalton,1.511,1.193,0.485,0.359
Michael Chapman,0.309,0.571,0.327,0.193
Mike Sowersby,0.235,0.52,0.34,0.201
R N Bevis,0,0,0.337,0.185
Steve Gollings,1.075,0.821,0.474,0.334
Malcolm Jefferson,1.427,1.022,0.481,0.359
Noel Wilson,0.698,0.705,0.417,0.287
Paul Midgley,0.427,0.764,0.364,0.223
Sandy Forster,0.52,0.677,0.497,0.334
P Beaumont,0.601,0.499,0.484,0.341
D McCain,0.941,0.806,0.516,0.373
Robert Johnson,1.125,1.135,0.481,0.332
Richard Ford,1.388,0.796,0.49,0.378
John Spearing,1.117,0.885,0.509,0.367
Michael Wigham,1.291,1.1,0.482,0.34
N Waggott,0.775,1.158,0.505,0.33
Ian McInnes,0.548,0.548,0.507,0.351
Christopher Kellett,0.223,0.368,0.352,0.217
Kim Bailey,0.478,0.417,0.447,0.323
Henry Hogarth,2.021,1.358,0.437,0.346
Kate Walton,0.371,0.466,0.453,0.302
Brendan Powell,0.97,0.833,0.474,0.333
Andrew Parker,0.924,0.747,0.417,0.296
Tim Walford,0.447,0.488,0.488,0.332
Barry Murtagh,0.553,1.025,0.289,0.176
Evelyn Slack,0.883,0.838,0.493,0.355
Muriel Naughton,0,0,0.253,0.138
Sharon Watt,1.09,1.013,0.5,0.35
John Weymes,0.758,0.877,0.453,0.303
P C Haslam,1.078,0.892,0.493,0.351
Rayson Nixon,0,0,0.351,0.209
A R Dicken,0,0,0.317,0.195
Mario Hofer,0,0,0.464,0.431
James Moffatt,0.401,0.539,0.362,0.224
D W Barker,1.77,1.502,0.514,0.379
Lynn Siddall,0.664,0.868,0.417,0.261
Lady Susan Watson,0,0,0.632,0.473
Alan Lockwood,0,0,0.471,0.316
Conor Dore,0.264,0.277,0.407,0.243
Miss Kate Milligan,0.423,0.728,0.393,0.269
Charles Pogson,1.13,0.92,0.543,0.41
George Moore,0.635,0.591,0.475,0.324
Tim Fitzgerald,1.017,1.119,0.443,0.31
Chris Grant,0.837,0.727,0.459,0.325
John Quinn,1.197,0.938,0.523,0.377
D J Daly,1.093,0.795,0.578,0.425
John Berry,0.921,0.951,0.492,0.335
Brian Rothwell,0.153,0.296,0.296,0.165
Micky Hammond,0.805,0.821,0.449,0.299
John Norton,0.454,0.597,0.387,0.232
John Stimpson,0.182,0.301,0.369,0.236
Sue Bradburne,0.792,0.697,0.515,0.375
Karen McLintock,0.811,0.753,0.513,0.37
Nicky Richards,2.513,1.104,0.602,0.49
W McKeown,0,0,0.331,0.223
Alison Hamilton,0,0,0.651,0.493
J I A Charlton,0.637,0.543,0.553,0.42
Christopher Wilson,0.553,1.225,0.326,0.209
C Rae,0,0,0.201,0.068
Mrs B K Thomson,0,0,0.235,0.147
Chris Fairhurst,0.734,0.879,0.437,0.287
Mrs E Langley,1.55,2.066,0.512,0.357
John OShea,0.37,0.431,0.42,0.274
Robin Bastiman,1.238,1.194,0.504,0.364
Edwin Tuer,1.177,1.297,0.448,0.312
P Monteith,0.713,0.547,0.488,0.341
James Walton,0.628,0.747,0.452,0.313
Declan Carroll,0.635,0.625,0.475,0.318
Donald Whillans,1.57,2.112,0.526,0.356
Stuart Coltherd,1.004,1.03,0.478,0.335
J S Haldane,0,0,0.236,0.12
Venetia Williams,1.899,1.011,0.563,0.442
Brian Storey,0.536,0.949,0.349,0.213
Dianne Sayer,0.664,0.714,0.563,0.401
P A Blockley,0.96,0.773,0.49,0.338
Mrs S Lamyman,0.309,0.428,0.441,0.274
H Alexander,0,0,0.224,0.114
D W Chapman,0.72,0.775,0.455,0.301
Roger Fisher,0.601,0.564,0.504,0.339
Tina Jackson,0,0,0.265,0.151
Milton Harris,0.673,0.649,0.439,0.299
Nicholas Pomfret,0.726,1.116,0.296,0.157
Simon Griffiths,1.125,1.397,0.387,0.29
A M Crow,1.223,1.086,0.554,0.408
Miss Maria D Myco,5.811,5.526,0.583,0.514
Mrs T Corrigan,3.32,2.293,0.775,0.706
Steve Flook,0.387,0.302,0.463,0.341
Mrs S M Barker,0,0,0.697,0.487
S J Robinson,0,0,0.159,0.101
Mrs S E Grant,0,0,0.545,0.298
M V Coglan,1.66,3.703,0.397,0.298
Niall Saville,0,0,0.354,0.257
Mrs Joanne Brown,0,0,0.067,0.013
David M Easterby,1.291,0.55,0.385,0.302
M J Brown,0,0,0.195,0.108
C Storey,0,0,0.425,0.263
D M Forster,2.324,1.264,0.527,0.423
Mrs R L Elliot,0.528,0.547,0.469,0.317
Peter Maddison,0.726,1.103,0.448,0.294
John Dixon,0.83,2.066,0.361,0.238
Michael Dods,0.845,0.604,0.59,0.435
Kevin Ryan,1.481,0.968,0.545,0.406
C A Cyzer,0.803,0.937,0.465,0.316
Miss Kariana Key,0.505,0.626,0.362,0.227
John Wainwright,0.488,0.689,0.413,0.265
Barney Curley,1.788,1.046,0.41,0.316
K R Burke,1.282,0.934,0.538,0.388
Alan Berry,0.23,0.348,0.358,0.211
Bryan Smart,1.056,0.902,0.51,0.352
David Barron,1.061,0.743,0.566,0.405
David Evans,0.826,0.685,0.497,0.345
M J Polglase,0.237,0.364,0.371,0.214
Derek Shaw,0.639,0.686,0.41,0.271
David Nicholls,1.311,1.012,0.52,0.38
J Parkes,0.572,0.768,0.376,0.23
Ian Semple,1.403,1.042,0.551,0.406
Bruce Mactaggart,0,0,0.287,0.157
Roy Bowring,1.148,1.207,0.493,0.348
Jim Goldie,0.797,0.676,0.501,0.353
Mrs J R Ramsden,1.367,0.899,0.556,0.4
Peter Hiatt,0.671,0.709,0.464,0.316
Nigel Twiston-Davies,1.518,0.942,0.496,0.369
J Hetherton,0.539,0.696,0.466,0.314
James Bethell,1.112,1.012,0.493,0.341
Alan Coogan,0.942,1.533,0.438,0.291
Ann Stokell,0.3,0.509,0.405,0.244
Rae Guest,1.131,0.876,0.55,0.396
Tony Newcombe,0.812,0.864,0.458,0.311
Paul Cole,0.959,0.655,0.508,0.359
Mark Johnston,1.858,0.966,0.572,0.43
James Given,0.745,0.699,0.474,0.323
Hughie Morrison,1.301,0.897,0.564,0.412
Ed Dunlop,1.676,0.942,0.592,0.447
E J ONeill,2.269,1.245,0.601,0.479
Andrew Crook,0.221,0.404,0.297,0.17
R P Elliott,0.726,1.032,0.371,0.233
Phil McEntee,0.528,0.555,0.416,0.264
Miss V Haigh,0.567,0.75,0.417,0.25
J S Moore,0.941,0.798,0.485,0.333
Mick Channon,1.145,0.755,0.545,0.392
Richard Whitaker,0.803,0.765,0.539,0.371
Nigel Tinkler,0.452,0.528,0.45,0.289
Gerard Butler,1.215,0.784,0.561,0.41
Julie Camacho,1.291,0.994,0.557,0.427
Mark Brisbourne,0.806,0.696,0.515,0.357
Jimmy OReilly,0.204,0.384,0.383,0.232
K W Hogg,0.352,0.698,0.331,0.187
Jamie Osborne,1.029,0.731,0.539,0.379
Brian Meehan,1.146,0.843,0.549,0.401
G C H Chung,0.762,0.664,0.482,0.335
Ann Duffield,1.527,1.238,0.603,0.447
Eric Alston,0.863,0.846,0.514,0.358
Dean Ivory,0.818,0.825,0.489,0.332
Ralph Beckett,1.66,1.299,0.543,0.401
A Dickman,1.859,1.418,0.606,0.46
David Thompson,0.312,0.424,0.444,0.298
M J Ryan,1.386,1.222,0.451,0.327
David Loder,2.251,0.956,0.584,0.455
Lady Herries,1.516,1.003,0.538,0.392
Ian Emmerson,1.603,1.226,0.497,0.355
John Balding,0.697,0.843,0.439,0.293
M J Wallace,0.76,0.563,0.546,0.391
Bryn Palling,0.894,1.142,0.464,0.314
Paul DArcy,0.662,0.495,0.503,0.346
Ray Craggs,0.623,0.436,0.555,0.393
D R MacLeod,0.332,0.56,0.445,0.295
N A Callaghan,1.435,0.886,0.539,0.394
Paul Howling,0.826,0.64,0.496,0.336
Chris Wall,1.403,0.971,0.57,0.417
Miss D A McHale,0.545,0.863,0.35,0.207
Colin Teague,0.283,0.594,0.266,0.148
Mrs N Macauley,0.937,0.898,0.487,0.336
Lisa Williamson,0.36,0.541,0.345,0.211
John Best,1.195,0.998,0.444,0.314
Mrs H Sweeting,1.062,1.017,0.508,0.356
W H Tinning,1.291,1.412,0.453,0.307
Miss J R Tooth,0.447,0.562,0.401,0.269
John Coupland,0.505,0.608,0.492,0.324
Alan Brown,0,0,0.347,0.185
Milton Bradley,0.919,0.852,0.498,0.346
Christine Dunnett,1.142,1.254,0.427,0.289
Mark H Tompkins,1.264,1.02,0.545,0.396
Ms Deborah J Evans,0.478,0.616,0.445,0.284
Julian Poulton,0.657,0.636,0.471,0.314
Robert Cowell,0.973,0.82,0.476,0.328
Alan Bailey,0.738,0.773,0.467,0.316
Jeremy Glover,0.535,0.558,0.457,0.302
William Haggas,1.711,0.899,0.63,0.482
Owen Brennan,1.011,1.042,0.437,0.312
Linda Stubbs,0.768,0.571,0.534,0.37
Ian Wood,0.559,0.72,0.42,0.266
Sir Mark Prescott Bt,2.283,0.923,0.584,0.444
Michael Bell,1.462,0.897,0.509,0.373
Mel Brittain,0.545,0.615,0.499,0.328
Jeremy Noseda,2.159,0.969,0.636,0.496
Tim Etherington,0.911,0.954,0.484,0.345
Reg Hollinshead,0.697,0.724,0.51,0.347
Michael Mullineaux,0.296,0.547,0.366,0.225
Fred Watson,0,0,0.208,0.102
Bill Turner,0.955,0.874,0.504,0.349
B W Hills,1.756,0.949,0.611,0.466
Stuart Williams,1.008,0.729,0.51,0.353
Terry Clement,0.692,0.95,0.381,0.245
Jennie Candlish,0.947,0.991,0.414,0.285
Alistair Whillans,0.755,0.814,0.461,0.324
Thomas Cuthbert,0,0,0.372,0.172
Jeff Pearce,1.395,1.187,0.564,0.42
Roger Charlton,1.982,1.052,0.595,0.456
Michael Jarvis,1.629,0.931,0.576,0.425
Robert Gray,1.341,1.232,0.416,0.285
Ronald Harris,0.998,0.832,0.524,0.376
Neville Bycroft,0.365,0.562,0.435,0.273
Chris Dwyer,0.573,0.53,0.472,0.306
Charles Smith,0.548,0.764,0.424,0.268
G Wragg,1.325,0.944,0.547,0.401
Peter Bowen,1.761,0.871,0.523,0.409
Peter Grayson,0.679,0.768,0.482,0.326
Trevor Wall,0.439,0.64,0.362,0.215
Ken Clutterbuck,0.484,0.89,0.339,0.203
R F Johnson Houghton,1.12,0.755,0.583,0.431
Alan Jarvis,0.998,0.983,0.484,0.33
Sir Michael Stoute,2.49,0.966,0.646,0.513
Ed McMahon,1.153,0.988,0.531,0.377
Tom Tate,1.897,1.39,0.525,0.391
Linda Perratt,0.902,1.417,0.369,0.227
Brian Baugh,0.33,0.452,0.424,0.273
Lucinda Featherstone,0.52,0.874,0.418,0.277
Mark Usher,1.156,1.249,0.446,0.306
Ronald Thompson,0.223,0.354,0.294,0.158
Stef Higgins,1.196,0.85,0.564,0.411
Nick Littmoden,1.026,0.782,0.499,0.349
Clive Brittain,0.798,0.799,0.475,0.322
Giles Bravery,1.041,1.091,0.455,0.322
Luca Cumani,1.606,0.971,0.556,0.408
John Dunlop,1.57,0.955,0.572,0.424
Harriet Graham,0.694,0.742,0.421,0.287
Patrick Gilligan,1.999,1.32,0.594,0.46
Walter Swinburn,1.326,0.957,0.538,0.384
M J Gingell,0.134,0.314,0.266,0.143
William Jarvis,1.523,1.029,0.578,0.436
Ron Hodges,0.766,0.652,0.506,0.366
Barry Potts,1.236,1.189,0.445,0.322
Brian McMath,0,0,0.268,0.103
Philip McBride,0.792,0.727,0.567,0.409
Michael Blanshard,0.537,0.627,0.449,0.288
Kevin McAuliffe,1.143,1.253,0.479,0.336
Andrew Haynes,0.692,0.788,0.422,0.289
George Margarson,0.542,0.716,0.404,0.25
V Smith,0.713,0.636,0.468,0.314
Dr Jeremy Naylor,0.894,0.937,0.543,0.378
R F Marvin,0,0,0.076,0.015
James Unett,0.565,0.599,0.513,0.351
Peter Chapple-Hyam,1.722,1.006,0.561,0.424
Geraldine Rees,0.612,0.671,0.484,0.324
Dominic Ffrench Davis,0.917,0.849,0.509,0.361
Jim Boyle,1.016,0.827,0.513,0.359
W S Cunningham,1.66,1.754,0.515,0.4
Willie Musson,0.867,0.841,0.529,0.367
J Jay,0.745,0.711,0.466,0.304
William Muir,1.033,0.829,0.545,0.385
Michael Appleby,0.35,0.725,0.312,0.18
Richard Hannon Snr,1.333,0.88,0.55,0.4
Kevin Prendergast,1.211,0.733,0.616,0.458
G P Kelly,0,0,0.252,0.126
Tim McCarthy,0.277,0.403,0.396,0.235
Edward Bevan,0.697,0.712,0.49,0.329
Lucinda Russell,0.499,0.457,0.398,0.265
Kahlil De Burca,0,0,0.289,0.144
Pam Sly,1.3,1.125,0.559,0.422
Tim Butt,0,0,0.303,0.206
Marjorie Fife,0,0,0.245,0.146
Pauline Robson,1.162,0.661,0.524,0.359
Dick Allan,0.447,0.675,0.31,0.183
Michael Smith,3.874,3.235,0.821,0.699
John Upson,0.676,0.873,0.403,0.278
P Needham,0.775,1.451,0.331,0.234
Miss V Scott,1.316,1.283,0.49,0.374
J Clements,0.484,0.678,0.475,0.329
Peter Atkinson,0.553,0.515,0.505,0.374
Ann Hamilton,1.056,0.713,0.556,0.398
Karen George,0.785,0.928,0.479,0.334
Henry Daly,1.469,0.863,0.569,0.43
M Scudamore,0.754,0.633,0.437,0.311
John Gallagher,0.762,0.97,0.438,0.301
Peter Pritchard,0.439,0.39,0.399,0.254
Paul Webber,1.893,1.162,0.539,0.41
Robin Dickin,0.822,0.918,0.398,0.269
S J Gilmore,1.516,1.614,0.41,0.311
C Roberts,0.877,1.105,0.386,0.251
Susan Johnson,0.646,1.422,0.278,0.175
Nigel Hawke,0.591,0.891,0.376,0.246
P S Payne,0.894,1.864,0.28,0.174
Carroll Gray,0,0,0.343,0.189
F Jordan,0.435,0.481,0.444,0.293
John Holt,0.27,0.651,0.271,0.149
Keith Goldsworthy,1.134,0.916,0.48,0.341
Jonjo ONeill,1.66,0.825,0.521,0.405
Michael Madgwick,0.332,0.616,0.395,0.245
Don Cantillon,1.328,0.9,0.528,0.382
Mrs S E Busby,0,0,0.384,0.207
Mrs Barbara Waring,0.505,1.311,0.392,0.229
Pat Murphy,0.668,0.882,0.434,0.284
H J Manners,0.199,0.306,0.313,0.169
David Bridgwater,0.512,0.594,0.431,0.282
T P Walshe,0,0,0.045,0.008
Seamus Mullins,0.777,0.687,0.475,0.337
D P Keane,1.127,0.827,0.438,0.328
Sirrell Griffiths,1.835,1.556,0.561,0.463
John Ryall,1.603,1.355,0.508,0.402
Kevin Bishop,1.006,0.939,0.483,0.355
P C Ritchens,0.505,0.531,0.387,0.27
Ian Williams,1.031,0.707,0.5,0.357
Ben Case,0.646,0.662,0.413,0.272
Alan King,1.792,0.956,0.594,0.466
M C Pipe,1.578,0.832,0.534,0.404
Liam Grassick,0,0,0.404,0.254
Giuseppe Fierro,0,0,0.587,0.403
Richard Lee,0.758,0.571,0.539,0.394
Ms Georgina Nicholls,0.258,0.326,0.379,0.251
Sarah Humphrey,0,0,0.442,0.286
Matt Sheppard,0.775,0.768,0.409,0.282
Miss I E Craig,0,0,0.282,0.148
Richard Rowe,0.65,0.664,0.381,0.256
E A Elliott,1.453,1.142,0.365,0.273
Laura Mongan,0.164,0.19,0.483,0.337
Victor Dartnall,2.07,1.14,0.576,0.467
Chris Down,0.747,0.98,0.487,0.352
Raymond York,1.056,1.366,0.601,0.46
Richard Mitchell,0.534,0.661,0.383,0.262
Clive Drew,0.968,2.747,0.378,0.239
Bill Moore,0.237,0.698,0.255,0.152
N M Babbage,0.375,0.578,0.433,0.273
Charlie Morlock,0.363,0.492,0.42,0.283
Alison Thorpe,0.758,0.655,0.48,0.347
R S Brookhouse,1.595,1.805,0.487,0.371
Robert Stronge,0.465,0.478,0.444,0.311
Bernard Llewellyn,0.906,0.78,0.469,0.334
Mandy Rowland,0.332,0.982,0.242,0.129
Oliver Sherwood,1.321,0.764,0.561,0.426
Paul Nicholls,2.528,0.949,0.626,0.51
D J Wintle,0.94,1.022,0.44,0.303
Debra Hamer,0.875,0.859,0.47,0.32
Sir John Barlow Bt,0.484,0.8,0.325,0.211
Richard Price,0.743,0.763,0.479,0.33
Simon Sherwood,2.199,2.113,0.481,0.374
Tom George,1.641,0.951,0.528,0.416
Mrs L C Taylor,1.367,0.989,0.561,0.434
Lucy Wadham,1.496,0.967,0.596,0.463
James Eustace,0.981,1.198,0.434,0.279
Philip Hobbs,2.037,0.935,0.588,0.46
Emma Lavelle,1.359,0.908,0.506,0.382
Ben De Haan,0.562,0.493,0.543,0.397
Mrs J M Mann,0,0,0.314,0.103
D B Feek,0.904,0.818,0.467,0.321
Graham Smith,0.917,2.243,0.302,0.208
Nicky Henderson,1.967,0.944,0.587,0.466
Ken Wingrove,0,0,0.25,0.11
Jim Old,1.007,0.836,0.458,0.328
Nick Ayliffe,0.447,0.742,0.418,0.268
P Wegmann,0,0,0.29,0.157
Alex Hales,0.617,0.618,0.452,0.302
Dai Burchell,0.73,0.699,0.482,0.341
Michael Quinlan,0.926,0.745,0.486,0.343
Simon Lewis,0.245,0.612,0.295,0.168
Mark Shears,0,0,0.18,0.072
Reginald Brown,0,0,0.492,0.354
Mrs K Waldron,0.758,0.639,0.491,0.367
Murty McGrath,0.474,0.577,0.398,0.262
J C Tuck,0.816,0.75,0.442,0.293
Jonathan Portman,0.654,0.685,0.45,0.301
Gerald Ham,0.623,0.856,0.406,0.272
Suzy Smith,0.43,0.414,0.509,0.344
D W Lewis,0,0,0.437,0.303
M J M Evans,0,0,0.334,0.226
John Cornwall,0.505,0.635,0.392,0.253
J Joseph,0.342,0.572,0.45,0.315
Tony Carroll,0.86,0.711,0.495,0.348
Jimmy Fox,0.401,0.61,0.41,0.248
Nick Williams,1.704,1.374,0.534,0.408
Mark Wellings,0.478,0.81,0.362,0.232
W Jenks,0.258,0.359,0.419,0.261
Simon Earle,1.722,1.116,0.514,0.403
Jim Wilson,0,0,0.418,0.247
Cecil Price,0.646,0.785,0.36,0.268
B L Lay,0,0,0.111,0.012
G F Bridgwater,0,0,0.167,0.081
Charlie Mann,1.245,0.845,0.51,0.377
Simon Burrough,0.2,0.321,0.383,0.24
Mouse Hamilton-Fairley,0.612,0.69,0.372,0.246
Miss C J Williams,2.324,2.564,0.437,0.373
D J Minty,0,0,0.177,0.063
Gary Moore,1.256,0.905,0.518,0.376
Renee Robeson,1.384,1.035,0.496,0.352
Mrs S D Williams,1.139,1.491,0.387,0.27
Gary Brown,0,0,0.318,0.191
Dr P Pritchard,0.338,0.669,0.355,0.204
A J Deakin,1.367,1.871,0.423,0.302
Mark Bradstock,1.056,0.794,0.538,0.404
Evan Williams,1.779,1.097,0.482,0.377
Andrew Balding,1.027,0.83,0.519,0.367
Roger Curtis,0.208,0.287,0.31,0.187
Sue Gardner,1.162,1.081,0.46,0.325
Neil King,0.64,0.81,0.423,0.283
Patrick Rodford,0.894,1.544,0.46,0.318
James Evans,0.968,2.345,0.507,0.321
Brendan W Duke,0.553,0.768,0.379,0.243
J M Castle,1.291,3.757,0.264,0.17
S A Brookshaw,0.628,0.67,0.425,0.291
Julian Smith,0.861,0.784,0.388,0.252
J R Jenkins,0.691,0.72,0.425,0.283
B Llewellyn,0,0,0.149,0.068
Alan Juckes,0.302,0.3,0.436,0.289
D R Stoddart,0.553,0.677,0.372,0.287
T G Mills,2.002,1.378,0.575,0.434
Beth Roberts,0,0,0.318,0.189
Pam Ford,0.447,1.217,0.264,0.127
Mary Evans,0,0,0.185,0.09
N I M Rossiter,0.93,1.387,0.355,0.24
Mrs A J Bowlby,0.323,0.474,0.453,0.31
M E D Francis,2.113,2.924,0.576,0.411
Miss H Lewis,0,0,0.318,0.192
D O Stephens,0,0,0.235,0.103
Alan Hollingsworth,1.66,1.733,0.432,0.341
A D Smith,0.553,0.789,0.38,0.237
Martin Wilesmith,0,0,0.277,0.086
Adrian Chamberlain,0,0,0.263,0.141
Andrew Price,1.125,1.773,0.367,0.261
Anabel K Murphy,0.41,0.476,0.455,0.293
L Wells,1.043,1.182,0.418,0.279
Luke Dace,0.318,0.617,0.335,0.2
Carole Ikin,0,0,0.165,0.06
Bob Buckler,0.844,0.815,0.472,0.341
K Bell,0,0,0.355,0.193
Jonathan Geake,0.8,0.772,0.45,0.31
R H Alner,1.461,0.907,0.513,0.386
Henrietta Knight,1.226,0.816,0.506,0.376
N E Berry,0,0,0.367,0.242
Aytach Sadik,0.726,0.794,0.355,0.248
L J Williams,0,0,0.042,0.007
D R Gandolfo,0.968,0.907,0.451,0.329
A Ennis,0.942,0.83,0.449,0.319
C L Popham,0.495,0.724,0.351,0.261
Gruffydd Jones,1.937,1.774,0.695,0.534
Ray Fielder,0,0,0.291,0.143
Miss S J Wilton,0.43,0.557,0.488,0.32
Colin Tizzard,1.392,0.962,0.526,0.388
Jean-Rene Auvray,0.572,0.696,0.479,0.337
Jim Best,0.581,0.515,0.292,0.174
Gerry Enright,0.215,0.344,0.347,0.208
Mary Meek,0,0,0.223,0.088
Paul Dalton,0.332,0.428,0.358,0.243
Nikki Evans,0.223,0.533,0.305,0.192
R Flint,0,0,0.398,0.247
Brian Eckley,0,0,0.444,0.304
Peter Winkworth,0.532,0.555,0.431,0.294
James Nicol,2.324,2.155,0.615,0.456
Alan Jones,1.253,1.259,0.384,0.272
Giles Smyly,0,0,0.289,0.142
P A Trueman,0,0,0,0
P OConnor,0,0,0.219,0.11
Jimmy Frost,1.136,0.968,0.491,0.358
Sheena West,1.737,1.639,0.536,0.4
Joanne Foster,0,0,0.196,0.114
Clarissa Caroe,0,0,0.246,0.143
David Flood,1.153,0.858,0.435,0.306
L Waring,0,0,0,0
Gordon Edwards,1.937,2.463,0.495,0.374
Mark Campion,0,0,0.369,0.233
Dai Williams,0.43,0.716,0.348,0.207
J S King,0.474,0.513,0.51,0.346
J W Tudor,0,0,0.283,0.187
M Brown,0,0,0.489,0.317
Lucy Normile,0.36,0.603,0.345,0.221
Claire Dyson,0.83,2.033,0.358,0.226
Mrs Jeremy Young,0.93,0.601,0.473,0.359
B A Pearce,0.478,0.698,0.428,0.265
Linda Jewell,0.098,0.147,0.422,0.254
Charles Egerton,2.093,0.989,0.652,0.516
Martin Bosley,0.43,0.584,0.465,0.296
K R Pearce,0,0,0.138,0.048
George Jones,0,0,0.169,0.051
Lisa Day,0,0,0.227,0.129
Kathleen Sanderson,1.453,1.612,0.527,0.399
Stuart Kittow,0.379,0.444,0.494,0.335
M Salaman,0,0,0.326,0.181
R J Baker,0,0,0.284,0.132
David Brace,0,0,0.288,0.134
Miss J R Gibney,0.363,0.456,0.439,0.277
Jamie Poulton,0.968,0.952,0.508,0.359
Brett Johnson,1.13,1.175,0.437,0.303
Helen Nelmes,0,0,0.405,0.259
Ernst Oertel,0.853,0.725,0.54,0.377
Terry Caldwell,0,0,0.291,0.136
Jonathen de Giles,0,0,0.405,0.245
Colin Tinkler,2.372,1.267,0.61,0.489
Tracey Barfoot-Saunt,0.439,1.046,0.317,0.189
Shaun Lycett,1.761,1.923,0.528,0.395
Rodney Farrant,0.968,1.127,0.449,0.316
Maurice Barnes,0.767,1.085,0.408,0.273
John Flint,2.641,1.986,0.483,0.381
Andy Turnell,1.871,1.436,0.538,0.411
J K Cresswell,0,0,0.366,0.219
David Rees,0,0,0.442,0.295
P Kelsall,0,0,0.176,0.089
Mary Hambro,1.55,1.499,0.472,0.342
Mark Rimell,2.641,1.377,0.696,0.575
Martin Hill,0,0,0.259,0.109
John Needham,0,0,0.373,0.259
Liam Corcoran,1.743,2.355,0.375,0.303
John Akehurst,0.82,0.849,0.484,0.329
Ben Pollock,0.484,0.717,0.291,0.195
Mark Pitman,1.66,1.133,0.507,0.389
Robert Waley-Cohen,4.226,2.012,0.774,0.651
Julia Saunders,0,0,0.248,0.142
James Danahar,0,0,0.066,0.025
G A Huffer,1.956,1.222,0.564,0.421
J W Payne,0.253,0.308,0.383,0.234
Julia Feilden,0.87,1.041,0.46,0.316
George Prodromou,0.924,0.842,0.516,0.363
James Toller,1.243,0.997,0.543,0.398
Tom Keddy,1.216,1.139,0.557,0.4
Dave Morris,1.03,1.126,0.477,0.317
Mick Quinn,1.543,1.31,0.515,0.377
T M Jones,0.342,0.352,0.479,0.332
Gay Kelleway,0.942,0.694,0.529,0.378
James Fanshawe,1.747,0.858,0.625,0.471
P S Felgate,0,0,0.21,0.083
C A Horgan,0.83,0.673,0.523,0.354
John Harris,0.479,0.718,0.391,0.258
Debbie Mountain,0.425,0.561,0.347,0.205
Bob Jones,0.775,0.779,0.461,0.322
Clive Cox,1.622,1.039,0.603,0.466
Sir Henry Cecil,1.367,0.644,0.625,0.467
Conrad Allen,0.968,1.542,0.392,0.232
Dr Jon Scargill,1.236,1.158,0.538,0.397
Ed Vaughan,0.894,0.625,0.545,0.385
Hugh Collingridge,0.601,0.535,0.449,0.296
Marcus Tregoning,2.012,1.003,0.587,0.444
David Simcock,0.612,0.607,0.461,0.292
Saeed bin Suroor,2.25,0.886,0.617,0.482
Amanda Perrett,1.157,0.712,0.575,0.423
Michael Attwater,1.291,1.058,0.51,0.356
Sylvester Kirk,0.951,0.859,0.479,0.325
Rod Millman,1.044,0.833,0.555,0.399
Nerys Dutfield,0.821,1.091,0.478,0.326
Denis Coakley,2.169,1.573,0.597,0.464
Diana Weeden,0,0,0.153,0.084
Roger Ingram,1.18,1.054,0.472,0.32
R W Price,1.056,1.093,0.449,0.322
Mark Allen,0,0,0.301,0.167
William de Best-Turner,0,0,0.284,0.143
Andrew Reid,1.013,0.777,0.529,0.378
John A Supple,0.93,1.839,0.418,0.279
Philip Mitchell,1.242,1.071,0.525,0.376
Zoe Davison,0.326,0.598,0.368,0.224
Eric Wheeler,0.894,1.176,0.465,0.294
Garry Woodward,1.107,1.515,0.469,0.312
John Gosden,2.163,1.038,0.636,0.493
Mikael Magnusson,1.614,1.307,0.492,0.366
Henry Candy,1.025,0.644,0.552,0.39
Shaun Keightley,0.883,1.258,0.463,0.31
Patrick Clinton,1.291,1.497,0.372,0.261
A P Jones,0.184,0.314,0.362,0.219
Miss K B Boutflower,0.553,0.832,0.281,0.178
Eoin Doyle,1.373,1.125,0.48,0.343
John Ryan,0.211,0.306,0.345,0.205
David Elsworth,1.835,1.097,0.598,0.453
Ken Cunningham-Brown,0,0,0.218,0.078
Patrick Chamings,0.856,0.764,0.494,0.355
A P OBrien,2.654,0.877,0.647,0.521
K J Condon,1.13,0.951,0.517,0.368
Roy Brotherton,0.628,0.621,0.488,0.325
C F Swan,1.199,0.79,0.573,0.428
T Hogan,1.013,0.801,0.532,0.39
Derek Haydn Jones,0.709,0.873,0.459,0.31
A Fabre,4.649,1.8,0.689,0.61
R Suerland,0,0,0.444,0.198
E Borromeo,0,0,0.431,0.287
David Wachman,1.49,0.727,0.625,0.48
M Delzangles,5.811,2.182,0.733,0.609
D Oughton,5.811,3.937,0.9,0.82
Jeff Mullins,0,0,0.51,0.31
A J Martin,0.947,0.63,0.442,0.304
D K Weld,1.506,0.745,0.59,0.447
John M Oxx,2.474,1.021,0.66,0.525
Tony Vasil,0,0,0.643,0.418
H-A Pantall,0,0,0.357,0.173
Eamon Tyrrell,0.626,0.646,0.485,0.33
M Halford,1.32,0.888,0.597,0.443
R Pritchard-Gordon,0,0,0.435,0.245
E Lellouche,5.811,2.544,0.5,0.5
Arslangirej Savujev,0,0,0.5,0.25
Noel Meade,1.675,0.858,0.592,0.462
E Sheehy,1.039,0.695,0.507,0.371
Hideyuki Mori,0,0,0.373,0.139
John Queally,1.192,0.891,0.459,0.323
Malcolm Saunders,1.527,1.119,0.548,0.406
J W Hills,1.145,0.887,0.546,0.385
V Valiani,11.621,5.5,1,1
Kazuo Fujisawa,0,0,0.833,0.694
Peter Makin,1.064,0.911,0.508,0.357
Christian Wroe,0.581,0.839,0.453,0.309
Richard Gibson,3.874,1.892,0.892,0.802
P Schiergen,0,0,0.6,0.36
A De Royer-Dupre,2.905,1.864,0.649,0.535
Robert Collet,0,0,0.4,0.16
J S Bolger,1.433,0.879,0.559,0.417
Nick Gifford,1.409,1.102,0.488,0.364
Susan Nock,0,0,0.344,0.206
T J Taaffe,1.66,0.809,0.598,0.466
A Chaille-Chaille,2.905,4.329,0.451,0.366
F Doumen,1.937,0.938,0.648,0.525
Joseph Fox,0.447,0.94,0.244,0.117
C Byrnes,1.631,0.749,0.574,0.45
D T Hughes,1.108,0.775,0.569,0.414
C A Murphy,1.796,1.176,0.607,0.468
Paul Nolan,1.066,0.705,0.549,0.409
Mrs John Harrington,0.916,0.655,0.526,0.378
E J OGrady,1.619,0.856,0.605,0.472
M J P OBrien,1.61,0.818,0.598,0.466
P A Fahy,0.878,0.687,0.497,0.348
M F Morris,1.228,0.877,0.515,0.368
Paul A Roche,0.298,0.317,0.425,0.267
S J Mahon,0.674,0.683,0.492,0.341
E Bolger,1.627,1.183,0.533,0.394
Grant Cann,1.835,0.865,0.658,0.516
Peter McCreery,0.612,0.73,0.436,0.296
C Roche,1.9,0.921,0.633,0.493
W P Mullins,1.989,1.044,0.637,0.502
Thomas Foley,1.256,1.074,0.541,0.388
P J Rothwell,0.803,0.808,0.469,0.326
Thomas Mullins,0.875,0.699,0.543,0.388
T M Walsh,0.933,0.609,0.531,0.373
D E Fitzgerald,1.162,0.669,0.555,0.42
J T Gorman,0.262,0.31,0.479,0.319
Mrs H M Bridges,0.83,0.703,0.265,0.193
A L T Moore,0.669,0.513,0.491,0.346
F Flood,0.888,0.638,0.489,0.349
Ian Duncan,0.528,0.557,0.589,0.427
J J Lambe,0.549,0.598,0.402,0.267
P Hughes,0.518,0.425,0.433,0.269
Michael Hourigan,0.745,0.666,0.461,0.312
E McNamara,1.278,0.95,0.55,0.409
Henry De Bromhead,0.632,0.73,0.466,0.315
Eoin Griffin,1.056,0.87,0.516,0.368
Liam McAteer,0.85,0.912,0.538,0.384
John Joseph Murphy,0.449,0.569,0.483,0.322
Patrick O Brady,1.074,1.038,0.503,0.364
Andrew Lee,0.541,0.639,0.47,0.294
Nick Shutts,0,0,0.586,0.464
Ms A E Embiricos,0,0,0.213,0.132
John Groucott,2.113,1.819,0.682,0.576
Mrs A C Swarbrick,0,0,0.739,0.546
David Kemp,2.905,0.82,0.824,0.7
John Bleahen,3.486,1.214,0.613,0.547
Mrs O C Jackson,0,0,0.203,0.124
Jeremy Scott,1.66,1.283,0.553,0.445
Michael Winters,0.646,0.548,0.668,0.519
Mrs S Alner,0,0,0.62,0.411
Sean Aherne,1.09,0.837,0.49,0.375
Miss C Parfitt,0,0,0,0
Mrs K Lawther,1.66,1.568,0.562,0.393
Nick Kent,1.453,1.648,0.397,0.26
Nick Bell,0,0,0.208,0.13
W J Burke,1.301,0.951,0.564,0.429
Alastair Lidderdale,0.917,1.125,0.621,0.493
O ONeill,0.415,0.803,0.412,0.236
Alan Jessop,0.894,2.098,0.55,0.367
Mrs J E Scrase,1.66,0.814,0.633,0.475
Stuart Howe,0.697,0.854,0.448,0.293
S Donohoe,1.075,1.053,0.533,0.388
Mrs C M Mulhall,4.981,2.981,0.612,0.548
D Lowe,0,0,0.63,0.476
Caroline Bailey,1.453,0.586,0.557,0.441
Miss C J Goodall,0,0,0.131,0.037
P Jones,0,0,0.4,0.32
Ross Oliver,2.905,3.002,0.742,0.583
G L Landau,3.486,1.219,0.715,0.65
Mrs A De Lisle Wells,0,0,0.529,0.387
C St V Fox,6.973,2.276,0.926,0.867
Ms N M Hugo,2.905,4.959,0.536,0.423
Miss Chloe Newman,0,0,0.5,0.25
Paul Morris,0,0,0.312,0.146
Steve Isaac,0,0,0.345,0.119
Mrs Jo Sleep,0,0,0.392,0.254
Mrs Jackie Hunt,0,0,0.449,0.228
Mrs J A Hayes,0,0,0.167,0.056
Ms Emma Oliver,2.905,6.135,0.25,0.25
Mrs O Bush,3.32,1.544,0.605,0.527
W J Warner,2.324,1.277,0.726,0.666
Mrs L Borradaile,6.973,3.538,0.6,0.6
C F Blank,0,0,0.436,0.38
R J Rowsell,2.905,2.517,0.472,0.448
Mrs Sheila Crow,1.162,0.518,0.734,0.616
Miss S A Loggin,3.874,2.792,0.822,0.695
Mrs Kim Smyly,0,0,0.631,0.398
Mrs W Wild,5.811,4.457,0.5,0.5
Miss Sarah Waugh,0,0,0.413,0.256
R Shail,2.905,2.274,0.462,0.429
Rosemary Gasson,1.291,1.673,0.449,0.369
Mrs N Sheppard,0,0,0,0
P L Southcombe,0,0,0.312,0.196
Mrs A L Tory,0,0,0.183,0.134
Lawney Hill,2.421,1.613,0.527,0.421
Tim Brown,0,0,0.319,0.225
J H Docker,0,0,0.436,0.286
Louise Allan,0,0,0.26,0.146
R Barber,1.453,0.634,0.331,0.267
M Biddick,0,0,0.296,0.263
Graham Richards,0,0,0,0
Mrs S Kellard-Smith,0,0,0,0
Mrs C Maude,0,0,0,0
Mrs Nicola Pollock,0,0,0.333,0.222
J J Boulter,0,0,0.16,0.128
Martin Weston,1.937,0.657,0.697,0.62
Mrs N Field,0,0,0.909,0.826
B Tulloch,0,0,0.275,0.196
H R Tuck,0,0,0.527,0.289
Dr Richard Newland,0,0,0.295,0.176
R A Wernham,0,0,0,0
Martin Jones,0,0,0,0
Andrew J Martin,5.811,12.982,0.5,0.5
Martin Keighley,0,0,0.019,0.002
P Senter,0,0,0,0
Matt Hazell,0,0,0,0
Mrs Marilyn Scudamore,2.583,1.241,0.549,0.467
Mrs J P Lomax,1.66,1.16,0.515,0.398
P York,0,0,0.581,0.351
Miss J H Jenner,0,0,0.111,0.025
Arthur Whiting,0.43,0.4,0.354,0.238
William Davies,0,0,0.338,0.208
Michael Joseph Fitzgerald,2.179,2.149,0.609,0.491
P M J Doyle,1.66,0.89,0.616,0.493
Thomas Gerard OLeary,0.765,0.601,0.53,0.38
Miss Noreen Hayes,0.415,0.476,0.387,0.241
Miss Susan A Finn,0.553,0.618,0.407,0.305
Seamus OFarrell,1.09,0.985,0.515,0.375
R Donohoe,1.162,1.024,0.567,0.43
Thomas Cooper,0.726,0.752,0.481,0.343
John J Coleman,0,0,0.3,0.142
T Doyle,0,0,0.389,0.151
V Clifford,0,0,0.526,0.405
William Coleman OBrien,0.191,0.233,0.412,0.253
Joseph Crowley,0.644,0.582,0.49,0.346
Mark Loughnane,0.138,0.165,0.41,0.253
Mrs Sandra McCarthy,3.32,1.402,0.603,0.508
D Broad,0.155,0.257,0.409,0.241
John G Carr,0.894,0.814,0.529,0.386
William J Fitzpatrick,1.107,1.253,0.442,0.273
Oliver McKiernan,0.247,0.242,0.416,0.274
G T Lynch,0.294,0.435,0.317,0.176
I R Brown,0,0,0.119,0.043
Paul Rich,0,0,0.39,0.195
John Allen,0.228,0.292,0.44,0.279
Miss Victoria Roberts,0,0,0.295,0.16
Jackie Retter,0,0,0.142,0.041
Robin Mathew,0.83,1.451,0.306,0.212
A Bateman,7.748,3.723,0.933,0.88
Sarah Robinson,2.583,1.671,0.49,0.403
Mrs D Thomas,0.83,1.149,0.395,0.281
Brian Forsey,0,0,0.395,0.205
D M Lloyd,0,0,0.422,0.268
H Edward Haynes,0.447,0.848,0.384,0.248
Miss M Bragg,0,0,0.299,0.152
Peter Jones,2.324,2.101,0.365,0.282
Mrs A T Cave,0,0,0.642,0.465
Capt J A George,0,0,0.254,0.122
Eoghan OGrady,1.341,0.807,0.663,0.529
John Paul Berry,0,0,0.505,0.327
Anna Newton-Smith,0.949,1.105,0.36,0.237
Ms D C Faulkner,0,0,0.296,0.263
Malcolm Tucker,0,0,0.667,0.444
H W Lavis,0,0,0.556,0.309
John O Moore,0,0,0,0
Mrs Sarah Price,0,0,0,0
Mrs Catherine Thomas,0,0,0,0
David Pinder,0.83,1.09,0.505,0.33
David Arbuthnot,1.101,0.987,0.503,0.348
Jane Southcombe,0.75,1.118,0.369,0.238
L G Cottrell,0.911,0.983,0.497,0.326
W A Murphy,0.581,0.591,0.545,0.394
Jo Davis,0.337,0.97,0.302,0.172
John Bridger,0.503,0.701,0.421,0.261
Brian Gubby,0,0,0.4,0.249
George Yardley,0,0,0.213,0.124
Martyn Meade,0.528,1.044,0.238,0.128
Tim Vaughan,1.291,2.408,0.336,0.22
Bernard Scriven,0,0,0.271,0.168
Richard Harper,0,0,0.143,0.046
P D Williams,0,0,0.623,0.421
Miss Lucy Bridges,0,0,0.356,0.205
C A Leafe,0,0,0,0
V G Greenway,0,0,0.11,0.085
W W Dennis,0,0,0.259,0.104
V J Hughes,1.291,1.753,0.358,0.227
A Senior,0,0,0.038,0.004
Ms F M Crowley,1.223,0.828,0.587,0.444
B R Foster,0,0,0.121,0.043
James Payne,1.162,1.507,0.26,0.181
M J Weeden,0,0,0.062,0.016
F G Tucker,0,0,0.134,0.062
G F H Charles-Jones,0,0,0.227,0.103
John Pickering,1.984,1.849,0.518,0.381
Colin Mitchell,0,0,0.106,0.045
Laura Young,5.811,3.295,0.5,0.5
John Berwick,0,0,0.659,0.46
Mrs S Prouse,0,0,0.727,0.529
S P Long,3.874,6.841,0.545,0.468
Mrs H Bartlett,0,0,0.373,0.169
G Chambers,0,0,0.111,0.037
Caroline Keevil,2.324,1.345,0.357,0.323
Clive Bennett,2.905,1.677,0.569,0.464
Helen Rees,0,0,0.521,0.279
M Frieze,0,0,0.5,0.38
Mrs Susan Smith,0,0,0.472,0.336
M J Lethbridge,0,0,0.146,0.085
M Ranger,0,0,0,0
M S Sweetland,0,0,0,0
P Greenwood,0,0,0,0
O A Little,0,0,0,0
Miss V A Stephens,1.937,3.635,0.383,0.263
Miss V J Nicholls,11.621,13,1,1
E M Treneer,0,0,0.556,0.309
M Weir,0,0,0.222,0.099
R Gurney,0,0,0.175,0.092
Miss E Thompson,11.621,4,1,1
Richard J Smith,0,0,0.889,0.79
T W Boon,0,0,0.778,0.605
Mrs C Lawrence,0,0,0.667,0.444
D J Richards,0,0,0.556,0.309
Mrs Diane Wilson,0,0,0.222,0.099
A W Congdon,0,0,0.429,0.227
Mrs Mandy Hand,0,0,0.182,0.099
J Rudge,0,0,0.395,0.194
J D J Davies,0,0,0.427,0.245
Sam Holdsworth,0,0,0.067,0.018
C J Drewe,0,0,0.074,0.034
J N R Billinge,0.332,0.665,0.28,0.168
Michael Banks,0,0,0.192,0.079
R D Tudor,0,0,0.167,0.028
Thomas Patrick McGovern,1.011,1.196,0.504,0.364
D Eddy,0,0,0.541,0.306
Richard Armson,0,0,0.305,0.16
Tim Reed,0.505,0.671,0.418,0.277
Lee James,0,0,0.341,0.221
Adam Robson,0,0,0.214,0.072
Don Enrico Incisa,2.682,2.154,0.53,0.391
Peter Cundell,0.93,0.75,0.428,0.292
Sally Hall,0.861,1.014,0.538,0.372
Miss B Sanders,1.922,1.352,0.613,0.469
Bruce Hellier,0,0,0.905,0.819
J E Hammond,2.905,1.068,0.71,0.624
M McDonagh,0.208,0.315,0.215,0.103
Jane Chapple-Hyam,0,0,0.593,0.406
R D E Woodhouse,2.324,1.826,0.609,0.486
Mrs A V Roberts,0,0,0.267,0.171
Anna Brooks,2.324,2.432,0.433,0.361
I R Ferguson,0.775,0.546,0.451,0.332
S Parr,0,0,0.338,0.142
Victor Thompson,0,0,0.354,0.188
Raymond Shiels,0,0,0.475,0.314
Jean McGregor,0.396,0.668,0.373,0.216
Liam Lennon,0,0,0.245,0.118
William Young,0,0,0.223,0.106
P Spottiswood,0,0,0.339,0.173
Miss J Fisher,2.905,1.252,0.633,0.548
Mrs Sarah L Dent,2.905,1.078,0.719,0.554
Mrs K B Mactaggart,0,0,0.5,0.25
J F W Muir,0,0,0.4,0.16
Alan Balmer,0,0,0,0
Miss M Bremner,0,0,0.253,0.128
Ian Stark,0,0,0,0
E J Jamieson,0,0,0.328,0.112
M A Molloy,0,0,0.601,0.458
Donal Nolan,0,0,0.179,0.072
Gary Harrison,0,0,0.323,0.187
M J Grassick,0.995,0.741,0.554,0.396
J G Cromwell,0,0,0.432,0.27
T G McCourt,0.507,0.593,0.456,0.297
Tracy Waggott,1.202,1.551,0.51,0.368
Simon Dow,0.745,0.772,0.455,0.304
J J Sheehan,0.363,0.444,0.396,0.231
Lydia Richards,1.427,1.503,0.427,0.287
Prue Townsley,1.701,1.603,0.528,0.37
Edward Creighton,0,0,0.071,0.01
W Figge,0,0,0.474,0.245
W A OGorman,0,0,0.223,0.085
John E Long,0.758,1.481,0.432,0.306
Mrs Katie Baimbridge,0,0,0.871,0.758
Mrs Julie Read,2.324,1.363,0.522,0.461
J E Dillon,0,0,0,0
Mrs S Bowman,0,0,0.083,0.014
J M Turner,0,0,0.25,0.188
Mrs E Collinson,0,0,0.156,0.098
William Stone,0,0,0.188,0.142
B J Clarke,0,0,0,0
Mrs S Richardson,0,0,0.546,0.32
R M Carson,2.324,1.701,0.687,0.527
Diana Grissell,1.453,0.591,0.532,0.417
H E Thorpe,0,0,0.619,0.574
John Panvert,0.775,0.974,0.435,0.289
Miss R S Reynolds,0,0,0.542,0.446
Mrs Anne-Marie Hays,0,0,0.7,0.49
N M Bloom,0,0,0.6,0.36
S R Andrews,0,0,0.328,0.222
H B Hodge,0,0,0,0
Mrs N D Smith,0,0,0,0
Mrs D Haine,0,0,0.115,0.027
John A Quinn,0.922,0.999,0.428,0.305
Paddy Butler,0.314,0.546,0.348,0.21
G Haine,0,0,0,0
Mrs N Smith,0.861,0.974,0.476,0.314
Sarah Wall,0,0,0.175,0.117
Mark Hoad,0.877,1.011,0.407,0.28
Michelle Bryant,0.83,1.296,0.476,0.344
Daniel OBrien,0,0,0.126,0.041
R Dean,0,0,0.365,0.209
Lady Anne Connell,0,0,0.289,0.166
Mrs S J Hickman,0,0,0.468,0.34
T S Ide,0,0,0.429,0.184
Mrs S A Hodge,0,0,0,0
Mrs A Blaker,0,0,0.429,0.367
Peter Hedger,0.872,1.109,0.441,0.301
R M Flower,0.581,0.913,0.263,0.176
Mrs C Dennis,11.621,4.5,1,1
D J Lay,0,0,0.714,0.51
Mrs F Marshall,0,0,0.719,0.539
M S Burman,0,0,0.429,0.184
Heather Cobb,0,0,0.421,0.195
Mrs V K Rickcord,0,0,0.143,0.02
Miss R Williams,0,0,0,0
Miss Z Anthony,0,0,0.667,0.444
J W Dufosee,0,0,0.667,0.463
Mrs D H McCarthy,0,0,0,0
Mrs A Farrant,0,0,0.5,0.25
C J Lawson,0,0,0,0
Miss S Brine,0,0,0.917,0.84
S Garrott,0,0,0.833,0.694
T D B Underwood,0,0,0.667,0.444
David Phelan,0,0,0.583,0.34
Sean Regan,0,0,0.5,0.25
Mrs B Ansell,0,0,0.417,0.174
Nigel Benstead,0,0,0.238,0.066
Ms Lisa Stock,0,0,0.417,0.347
R Abrey,0,0,0,0
Mrs A E Lee,0,0,0.333,0.111
A C Simpson,0,0,0.167,0.028
Ms J S Doyle,0,0,0.285,0.15
Steve Woodman,0,0,0.475,0.293
Les Hall,1.291,1.194,0.552,0.4
Mrs L P Baker,0,0,0,0
Althea Barclay,0,0,0.552,0.458
Frau Erika Mader,0,0,0.727,0.529
G Macaire,5.811,1.756,0.958,0.92
Mrs H Pudd,0,0,0.583,0.461
M D McMillan,0,0,0.281,0.199
Mark Gillard,0,0,0.25,0.125
F R Jackson,0,0,0,0
Peter Guest,0,0,0,0
Alan Blackmore,0,0,0.495,0.34
George Wareham,0,0,0.444,0.238
Martin John Hogan,0.775,0.721,0.521,0.417
Derrick Scott,0,0,0.249,0.087
Tor Sturgis,3.874,1.773,0.616,0.479
John Coombe,0,0,0.271,0.128
P J Prendergast,1.151,0.764,0.577,0.406
T Stack,1.423,0.939,0.544,0.408
P Rau,0,0,0.333,0.111
Ted Powell,1.291,1.312,0.439,0.288
Paul Johnson,0.684,0.717,0.375,0.259
Amaryllis Goschen,2.324,1.121,0.51,0.44
R J Hewitt,0,0,0.365,0.276
Miss N L Elliott,0,0,0,0
Miss M A Neill,0,0,0.526,0.419
J R Adam,0,0,0.146,0.128
J G Burns,0.307,0.329,0.473,0.306
Joseph Bewley,0.775,0.933,0.429,0.294
Ann Price,0,0,0.255,0.149
Miss A E Broyd,0,0,0,0
P R Johnson,0,0,0.555,0.346
Miss Grace Muir,3.874,1.391,0.927,0.862
Mrs Caroline Walker,0,0,0.517,0.401
Rob Summers,0,0,0.289,0.25
C J Leech,0,0,0.1,0.06
G L Edwards,0,0,0.533,0.284
Patrick J Hanly,0,0,0.2,0.08
A P Morgan,0,0,0.333,0.111
Mrs E Newman,0,0,0,0
M Rodda,0,0,0,0
James Richardson,0,0,0.842,0.717
G C Evans,0,0,0.183,0.134
R Bryan,0,0,0.667,0.444
Mrs E England,0,0,0.3,0.18
E W Morris,0,0,0,0
N J Dawe,0,0,0.091,0.025
Mrs C J Robinson,2.905,1.145,0.25,0.25
Miss T Pitman,0,0,0,0
Robert Staley,0,0,0,0
Ms Sue Smith,0,0,0.388,0.224
Eugene M OSullivan,0,0,0.405,0.251
John Price,1.453,2.328,0.421,0.282
Louise Davis,0,0,0.269,0.117
N W Alexander,0.628,0.736,0.407,0.266
Stephen Marshall,1.245,1.175,0.512,0.397
S B Bell,1.66,1.77,0.394,0.303
K S Thomas,0,0,0.415,0.258
Rhona Brewis,0,0,0.275,0.153
Robert Wood,1.66,1.995,0.38,0.229
N P McCormack,3.874,4.539,0.333,0.333
Jonathan Haynes,0,0,0.305,0.155
S G Chadwick,0,0,0.359,0.154
Dave Parker,3.874,1.819,0.896,0.813
M E Broad,0,0,0.857,0.735
Simon Waugh,0,0,0.5,0.376
Alistair M Brown,0,0,0.714,0.51
P Cornforth,5.811,2.917,0.821,0.707
Mrs J Jones,0,0,0,0
Mrs J Warwick,0,0,0,0
Miss C Pennycook,0,0,0,0
Ms J M Findlay,0,0,0,0
Mrs Lynne Ward,0,0,0.389,0.302
Milson Robinson,0,0,0.569,0.487
R A Ross,0,0,0.29,0.211
Miss G Swan,0,0,0.585,0.344
Mrs P Claxton,5.811,3.871,0.75,0.625
Ms S Duell,0,0,0.292,0.13
Mark Hughes,0,0,0.062,0.008
Miss M Mullineaux,0,0,0,0
I McMath,0.43,0.77,0.253,0.169
J K Magee,0,0,0.271,0.119
Mrs J K M Oliver,0,0,0.136,0.055
R M Clark,0,0,0,0
A R Trotter,0,0,0.4,0.17
Edward Stanners,0,0,0,0
J Burke,0,0,0.167,0.083
C A McBratney,0.528,0.72,0.327,0.207
J L Gledson,0,0,0,0
R T J Wilson,1.056,1.12,0.485,0.317
F Jestin,0,0,0.278,0.155
James Ewart,1.937,2.136,0.52,0.406
Mrs Jelly OBrien,0,0,0.465,0.356
P A Jones,0,0,0.583,0.34
A J Mason,0,0,0.417,0.174
Derek Frankland,0,0,0.167,0.056
Ms Rachel King,0,0,0,0
Mrs Sarah Faulks,0,0,0,0
Mrs M Stirk,0,0,0.588,0.421
M A Humphreys,0,0,0,0
Tim Tarratt,0,0,0,0
S H Marriage,0,0,0,0
Ms Jane Evans,0,0,0,0
Mrs C M Gorman,0,0,0.719,0.517
P England,0,0,0.286,0.163
R T Baimbridge,11.621,3.25,1,1
Mrs E J Reed,0,0,0.889,0.79
Ms Jill Carenza,0,0,0.444,0.198
E J Cantillon,0,0,0,0
C Brader,0,0,0,0
Mrs T R Kinsey,0,0,0.462,0.213
Miss H Brookshaw,0,0,0.238,0.17
Martin Ward,0,0,0,0
Donald McCain,2.905,0.779,0.781,0.635
Mrs Joan Tice,0,0,0.526,0.378
Cooper Wilson,0,0,0.422,0.221
G R Pewter,0,0,0.167,0.111
David P Myerscough,0,0,0.551,0.362
Christine Kerr,0,0,0.142,0.049
Alan Mactaggart,11.621,6,1,1
J M B Cookson,0,0,0.4,0.16
J Barclay,0,0,0.311,0.172
Mrs S H Shirley-Beavan,0,0,0,0
George Bewley,3.874,2.182,0.742,0.593
Mrs H D Marks,0,0,0.2,0.08
J M Dun,2.324,1.891,0.604,0.458
Grant Tuer,0,0,0,0
Allie Tullie,0,0,0.155,0.04
Mrs N C Neill,0,0,0.875,0.766
I Buchanan,0,0,0.445,0.285
R W Thomson,0,0,0.128,0.04
I A Gault,0,0,0,0
William Goldie,0,0,0,0
Joseph Quinn,0,0,0.372,0.212
R H Macnabb,0.83,0.659,0.496,0.368
David Pearson,0.775,1.765,0.134,0.09
Miss J Wormall,2.324,2.987,0.533,0.479
D S Dennis,0,0,0.167,0.056
P F Popham,0,0,0.273,0.223
George Hosier,0,0,0.556,0.468
M J Hill,0,0,0,0
A J Tizzard,2.324,2.237,0.473,0.4
Fiona Kehoe,3.874,1.72,0.823,0.694
Miss Sarah George,0,0,0.286,0.163
Mrs S Robinson,0,0,0,0
Miss Gina Weare,0,0,0,0
Mrs Julie Marles,5.811,6.346,0.95,0.905
Mrs C A Coward,0,0,0.352,0.273
Gary Hanmer,0,0,0.284,0.216
Mrs Theresa Morris,0,0,0,0
D T Turner,0,0,0.29,0.088
E Danel,11.621,4.33,1,1
Jane Southall,0,0,0.215,0.107
Andreas Lowe,3.874,2.421,0.764,0.612
J T R Dreaper,1.453,1.092,0.577,0.433
P H Morris,0,0,0.465,0.289
J L Hassett,0,0,0.372,0.235
D M Christie,0.306,0.369,0.425,0.272
I J Keeling,0,0,0.494,0.289
J H Scott,0.861,0.841,0.351,0.196
Gerard Keane,0.531,0.608,0.45,0.29
James Joseph Mangan,0.75,0.666,0.421,0.271
R P Burns,0.894,0.733,0.548,0.388
Adrian McGuinness,0.601,0.589,0.472,0.332
Anthony Mullins,1.54,0.884,0.602,0.451
F J Bowles,0.112,0.18,0.313,0.167
Teresa Spearing,0,0,0.571,0.327
P J Millington,0,0,0,0
Ms Joanna Morgan,0.634,0.619,0.457,0.302
Edward P Mitchell,0.258,0.505,0.356,0.2
T K Geraghty,1.453,1.096,0.606,0.487
C J Hemsley,0,0,0,0
Lady Susan Brooke,0,0,0.219,0.091
Miss J Hughes,0,0,0.278,0.154
Patrick Thompson,5.811,5.234,0.938,0.883
P H Hogarth,0,0,0,0
F L Matthews,0,0,0,0
Mrs B Brown,0,0,0,0
Mrs C M James,0,0,0,0
Mrs J Jeynes,0,0,0,0
Richard Mathias,0,0,0,0
E R Clough,5.811,2.671,0.833,0.722
I Anderson,0,0,0.643,0.413
M D Jones,0,0,0.25,0.125
Miss J Houldey,0,0,0,0
Miss S Jackson,0,0,0,0
Mrs J Hughes,0,0,0.444,0.395
Norma Twomey,0,0,0.762,0.59
R Green,0,0,0,0
Penny Buckley,0,0,0.442,0.263
Mrs J L Haley,0,0,0,0
Karen Tutty,0,0,0,0
Jane Makin,0,0,0.544,0.304
Nigel Dunger,0,0,0.588,0.362
F Rohaut,0,0,0.7,0.49
Mrs D Buckett,0,0,0.333,0.111
Steven Dixon,0,0,0.66,0.482
R P OKeeffe,0,0,0.316,0.163
J E Pease,0,0,0.809,0.655
Edward U Hales,1.263,0.957,0.585,0.425
Peter M Kiely,0,0,0.724,0.574
Mrs Aileen Ann OConnor,1.937,1.254,0.394,0.28
Bernard Jones,1.66,1.174,0.331,0.24
J-C Rouget,0,0,0.357,0.128
C Laffon-Parias,0,0,0.286,0.082
Frau Marion Rotering,0,0,0.333,0.111
Richard King,0,0,0,0
Mrs R A Vickery,0,0,0.364,0.264
I Hambley,0,0,0,0
Mrs R Kennen,0,0,0,0
Dr C E Fry,0,0,0,0
Miss L Gardner,0,0,0,0
D C Turner,0,0,0.319,0.145
Paul John Gilligan,0,0,0.265,0.136
Peter Purdy,0,0,0.287,0.155
Andre Hermans,0,0,0.319,0.129
Patrick Morris,0.646,0.642,0.484,0.323
D Mullarkey,0,0,0.103,0.026
Francisco Castro,0,0,0.333,0.111
F Chappet,0,0,0.231,0.053
L Camici,0,0,0.077,0.006
A Peraino,0,0,0.364,0.132
M P Muggeridge,0,0,0.089,0.015
Niall Moran,0.387,0.335,0.402,0.253
Michael Cunningham,0.456,0.452,0.453,0.3
Cathrine Erichsen,0,0,0.171,0.033
Samuel Murphy,0,0,0.403,0.22
Tim Pitt,5.811,4.702,0.769,0.645
D A Kelly,0.684,0.953,0.434,0.248
B A McMahon,0,0,0.399,0.244
Denis Quinn,0,0,0.263,0.146
Edgar Byrne,0.142,0.171,0.443,0.267
Liam Roche,1.162,1.426,0.595,0.41
Mervyn Torrens,0.375,0.687,0.31,0.181
Seamus G ODonnell,0.495,0.609,0.318,0.197
Bill Ratcliffe,0,0,0.58,0.4
Tom Dascombe,0,0,0.744,0.583
P C Handley,0,0,0.143,0.02
Miss Chloe Roddick,7.748,2.516,0.667,0.667
Mrs Sue Popham,0,0,0.556,0.468
Brian Perry,0,0,0.5,0.25
K R Owen,0,0,0,0
Mrs V Park,0,0,0.214,0.092
A N Dalton,0,0,0,0
F Lloyd,0,0,0.8,0.656
Mayne Kidd,0,0,0.391,0.204
Michael McElhone,0.775,0.834,0.542,0.383
B R Woodhouse,0,0,0.857,0.735
G F White,0,0,0,0
Miss J M Furness,0,0,0,0
Hugh Paul Finegan,1.291,2.808,0.354,0.278
Noel C Kelly,0,0,0.091,0.017
C J Cosgrave,0,0,0.464,0.312
Stephen McConville,0,0,0.131,0.052
J G Cosgrave,0,0,0.304,0.179
Lindsay Woods,0,0,0.346,0.216
Michael Roberts,0,0,0,0
Arthur Whitehead,0,0,0,0
Kjell Ivar Brekstad,0,0,0.125,0.016
Ray Peacock,0,0,0.458,0.253
H Steinmetz,0,0,0.636,0.405
C P Donoghue,0.604,0.634,0.455,0.315
R McGlinchey,0,0,0.317,0.163
Declan Gillespie,1.162,0.852,0.534,0.381
Pat Eddery,0,0,0.909,0.826
Michael G Holden,0,0,0.446,0.283
A Kinsella,0,0,0.076,0.015
M Flannery,0.381,0.459,0.46,0.302
Francis Ennis,0.5,0.505,0.468,0.315
Miss V Flood,0,0,0.062,0.008
Mrs R E Walker,0,0,0,0
Andy Hobbs,0,0,0.385,0.148
Mrs H J Houghton,0,0,0.231,0.053
T Doumen,0,0,0.408,0.259
Kevin Tork,0,0,0.429,0.184
Major General C A Ramsay,0,0,0.429,0.367
Vincenzo Caruso,0,0,0.667,0.444
Mrs Alison Christmas,0,0,0,0
Mrs Sue Bell,0,0,0,0
W Lapsley,0,0,0.107,0.029
Mrs J Williamson,3.874,3.231,0.731,0.571
Clive Mulhall,0,0,0.545,0.298
D W Macauley,0,0,0.105,0.022
Evelyn England,0,0,0.4,0.285
Paul Hamer,0,0,0.778,0.605
Mrs Elizabeth Howe,0,0,0.231,0.107
P Grindrod,0,0,0.364,0.264
Miss Sarah-Jayne Davies,0,0,0,0
A Coveney,0,0,0,0
Mrs C Wilesmith,3.874,2.502,0.846,0.732
R N Miller,0,0,0.375,0.141
Stewart Pike,5.811,11.333,0.955,0.913
Mrs Frances Bishop,0,0,0.556,0.309
Ms Alexandra Moller,0,0,0.222,0.099
B G Parsons,0,0,0,0
Rodger Sweeney,0.484,0.582,0.492,0.312
Rune Haugen,0,0,0.808,0.657
Miss M Bayliss,0,0,0.546,0.32
Lisa Harrison,0,0,0.2,0.04
Miss Louise Todd,0,0,0,0
Miss H M Irving,0,0,0,0
Miss B Lewis,0,0,0,0
P Budds,0,0,0.524,0.316
Mrs S A Bramall,2.583,2.794,0.719,0.621
Robert Bowling,0,0,0.389,0.154
Mrs Jane Knight,0,0,0,0
Pippa Bickerton,0,0,0.385,0.148
E M Caine,0,0,0,0
O R Dukes,0,0,0,0
David Ibbotson,0,0,0,0
Mrs Freya Brewer,0,0,0.333,0.111
A J Walker,0,0,0,0
Miss J Froggatt,0,0,0.667,0.444
Thomas ONeill,0.211,0.341,0.403,0.229
Mrs J L Wight,0,0,0,0
Miss Sarah West,0,0,0.5,0.25
Mrs Rose Partridge,0,0,0.375,0.141
A D Peachey,0,0,0.875,0.766
Patrick J F Hassett,0.93,0.729,0.415,0.28
John A Codd,0.215,0.227,0.416,0.289
G M Lyons,1.319,0.862,0.567,0.423
P F ODonnell,0.439,0.713,0.412,0.24
L Young,0.088,0.108,0.422,0.259
Gerard Cully,0.441,0.434,0.418,0.272
Ms Caroline Hutchinson,0.387,0.363,0.588,0.431
Michael P Hourigan,0,0,0.27,0.122
B J Hallahan,0,0,0.632,0.488
Patrick Martin,1.215,1.075,0.489,0.342
Mrs S Lynch,0,0,0.544,0.361
Brian Nolan,0.43,0.379,0.444,0.322
Jarlath P Fahey,0.517,0.612,0.498,0.346
Ms Margaret Mullins,1.09,0.618,0.609,0.459
Denis Paul Murphy,0.604,0.698,0.463,0.294
P Delaney,0.264,0.35,0.388,0.255
A Seymour,0.712,0.901,0.53,0.372
Patrick Carey,0.26,0.277,0.462,0.308
Anthony John Black,0.332,0.391,0.46,0.305
Sean O OBrien,0.439,0.458,0.598,0.424
Patrick J Halley,0,0,0.264,0.15
Donal Coffey,0,0,0.488,0.311
Miss Lillian E A Doyle,3.874,2.066,0.595,0.472
P C OConnor,1.223,0.842,0.544,0.408
Miss Bernadette A K Murphy,0,0,0.4,0.238
Robert Murphy,0.83,1.138,0.472,0.36
S J Treacy,0.562,0.538,0.45,0.291
Patrick Sinnott,1.291,0.998,0.454,0.319
Patrick Day,0,0,0.479,0.316
John Brassil,1.328,0.91,0.515,0.372
Timothy Doyle,0.457,0.484,0.515,0.35
Thomas Carberry,0.134,0.134,0.496,0.343
T J Kidd,0.223,0.315,0.384,0.235
Thomas P OConnor,0,0,0.407,0.278
Denis Ahern,0.75,0.675,0.504,0.372
Leonard Whitmore,0,0,0.199,0.099
T A Regan,0,0,0.407,0.259
T J Nagle Jr,0.717,0.755,0.54,0.371
Michael Joseph Kelly,0,0,0.255,0.125
Raymond Hurley,0.894,0.735,0.48,0.331
Daniel Miley,0,0,0.492,0.31
Mrs Mary Twohig,0,0,0.241,0.118
J A OConnell,0.223,0.216,0.377,0.244
N Nevin,0,0,0.437,0.219
Mrs D A Love,0,0,0.52,0.355
Patrick J Flynn,0.432,0.426,0.491,0.337
Garrett James Power,0,0,0.418,0.218
Alan Lucey,0,0,0.36,0.221
David M OBrien,0,0,0.42,0.243
John J Foley,0,0,0.315,0.139
N Nelson,0.553,0.752,0.387,0.248
W J Austin,0.872,0.933,0.563,0.406
Miss Elizabeth Doyle,0.478,0.527,0.478,0.337
John C Shearman,0.505,0.66,0.352,0.209
Malachy J Ryan,0,0,0.406,0.227
Miss Jane Thomas,0,0,0.381,0.217
Mrs Prunella Dobbs,0,0,0.377,0.233
John E Kiely,2.071,1.092,0.676,0.543
J F OShea,0.667,0.955,0.416,0.271
Niall Madden,1.217,0.838,0.517,0.368
Ms A M Kent,0,0,0.5,0.357
R J Osborne,0.738,0.793,0.463,0.307
Paul Cashman,0.596,0.619,0.509,0.34
H Rogers,0.627,0.611,0.454,0.301
Mrs A M OShea,0,0,0.169,0.059
Colm A Cronin,0,0,0.447,0.272
Seamus Lynch,1.033,1.294,0.509,0.347
Michael J OConnor,0.484,0.717,0.286,0.166
Miss A M Lambert,0,0,0.321,0.188
James Cousins,0,0,0.581,0.397
Ms M M Gannon,0,0,0.31,0.136
Philip Fenton,1.022,0.674,0.542,0.395
Patrick A Kinsella,0.465,0.606,0.467,0.306
Michael F Croke,0,0,0.287,0.108
F P Cunningham,0,0,0.342,0.165
S Slevin,0,0,0.471,0.306
Daniel OConnell,0.545,0.643,0.467,0.319
Gerard J OKeeffe,0,0,0.298,0.097
Michael J McDonagh,0,0,0.36,0.211
David Marnane,0.867,0.677,0.523,0.356
Seamus Fahey,0.652,0.785,0.487,0.324
George Stanley,0,0,0.353,0.186
Peter Casey,0.775,0.723,0.483,0.319
T J OMara,0.694,0.712,0.502,0.341
D M Leigh,0.247,0.332,0.432,0.276
Stephen Ryan,0.634,0.673,0.601,0.437
P R Lenihan,0,0,0.49,0.343
A J McNamara,0.592,0.632,0.501,0.346
J R Phelan,0,0,0.483,0.323
Luke Prendergast,0,0,0.338,0.192
Michael Butler,0,0,0.417,0.255
J R Finn,0,0,0.363,0.242
Michael Cullen,0.581,0.547,0.615,0.468
Patrick Rooney,0,0,0.157,0.038
P T Flavin,0,0,0.308,0.191
Patrick Michael Verling,0.712,0.723,0.53,0.376
R P Rath,0.43,0.722,0.302,0.167
Martin J OKeeffe,0,0,0.309,0.14
Noel V Kennedy,0,0,0.597,0.426
Michael Condon,0,0,0.434,0.257
James Leavy,0.513,0.615,0.493,0.33
Ronald OLeary,0.581,0.774,0.409,0.244
Robert Tyner,0.968,0.855,0.487,0.359
William Hayes,0,0,0.292,0.133
Andrew Slattery,0.684,0.731,0.521,0.359
Jeffrey Ian Mulhern,0,0,0.128,0.036
Denis Barry,0,0,0.134,0.027
James J Kelly,0.415,0.629,0.31,0.168
T Donohue,0,0,0.21,0.062
M V Manning,0,0,0.228,0.089
T F Lacy,0.387,0.472,0.309,0.169
Martin Brassil,1.271,1.139,0.501,0.327
Bernard Lawlor,2.051,1.558,0.6,0.488
P Meany,0,0,0.464,0.274
W M Roper,0.415,0.617,0.377,0.242
V Bowens,0,0,0.44,0.277
W Power,0,0,0.455,0.261
Liam P Cusack,0,0,0.516,0.349
W F Codd,0.775,0.788,0.479,0.322
C Hennessy,0.792,0.905,0.435,0.303
Stanley Ryan,0.75,0.765,0.593,0.435
T Cahill,0,0,0.417,0.255
P J McGarry,0,0,0.263,0.208
F J Lacy,0.505,0.525,0.557,0.38
Michael C Connell,0,0,0.288,0.122
Joseph H Ryan,0,0,0.505,0.28
Thomas Travers,0,0,0.314,0.125
John A White,0,0,0.4,0.246
Martin Hurley,0,0,0.4,0.224
Miss Mary Louise Hallahan,0.352,0.594,0.401,0.251
D J Barry,0,0,0.434,0.255
P M Lynch,0.612,1.395,0.268,0.146
Gerard OLeary,0.949,0.812,0.483,0.33
John C McConnell,1.011,1.386,0.572,0.409
Enda Kelly,0.646,0.68,0.435,0.293
Marcus Callaghan,0.968,0.822,0.534,0.394
David A Kiely,1.423,0.892,0.594,0.443
James A Browne,0,0,0.513,0.322
W T Farrell,0,0,0.47,0.31
Mrs Valerie Keatley,0.375,0.669,0.316,0.178
Martin Higgins,0,0,0.33,0.189
M J Colfer,0,0,0.449,0.209
Suzanne Cox,0.845,0.992,0.387,0.271
Miss M Harding,0.375,0.513,0.467,0.284
Eric Larkin,0,0,0.548,0.38
Michael Flynn,1.937,1.687,0.553,0.421
Daniel William OSullivan,0.298,0.343,0.502,0.326
Mrs Marian Flavin,0.75,0.625,0.566,0.411
P ORourke,0,0,0.41,0.269
Michael Aherne,0,0,0.628,0.471
Miss Martina Anne Doran,0,0,0.313,0.156
Ms Frances Slevin,0,0,0.424,0.186
P G Fahey,0,0,0.342,0.207
John OCallaghan,0,0,0.067,0.004
Patrick Cody,0,0,0.296,0.185
D L Bolger,0,0,0.428,0.194
R K Watson,0,0,0.422,0.247
Paul Stafford,0.968,0.741,0.494,0.342
Thomas G Walsh,0,0,0.416,0.218
N Dooly,0,0,0.408,0.229
M Woods,0,0,0.384,0.219
Patrick Joseph Hayes,0.528,0.976,0.341,0.199
Miss R K Surman,0,0,0.242,0.087
V T OBrien,0.237,0.321,0.355,0.207
M P Cash,0,0,0.362,0.174
Dermot Day,0,0,0.387,0.238
D M Fogarty,0.505,0.545,0.557,0.391
F Tierney,1.162,1.825,0.357,0.218
Martin M Treacy,0,0,0.117,0.024
Kieran Purcell,1.937,1.521,0.594,0.48
J Morrison,1.743,1.216,0.589,0.446
Ms M Flynn,0.704,1.051,0.403,0.279
K F OBrien,0.219,0.257,0.464,0.307
Richard Brabazon,1.056,1.568,0.528,0.386
Miss S Collins,0,0,0.333,0.175
Edward P Harty,0.25,0.261,0.471,0.315
Augustine Leahy,0.405,0.46,0.454,0.295
Patrick Allen,0,0,0.441,0.248
D E Prendergast,0,0,0.133,0.018
W J Lanigan,0.775,1.07,0.476,0.293
Mrs Dorothy Kinirons,0,0,0.362,0.193
Donal Hassett,0.596,0.522,0.45,0.295
P J Lally,0.684,1.178,0.333,0.213
Mark Anthony Stafford,0,0,0.083,0.021
Ms Helen P Markham,0,0,0.407,0.226
D P Berry,0,0,0.233,0.064
Mrs Louise Parkhill,0,0,0.263,0.092
M P Sunderland,1.252,1.026,0.528,0.378
J A Flynn,1.66,1.001,0.65,0.476
Miss G Lee,0,0,0.371,0.21
Garvan Donnelly,0,0,0.428,0.256
D J Ryan,0.581,0.686,0.419,0.287
Martin Kinane,0,0,0.401,0.24
W Harney,0,0,0.528,0.379
Miss A M Winters,0,0,0.169,0.067
R A Cotter,0,0,0.705,0.531
Gerard Kelleher,0,0,0.441,0.287
James Halpin,0.894,1.072,0.555,0.45
Mrs Denise Foster,0.447,0.47,0.46,0.321
L J Archdeacon,1.453,1.468,0.517,0.39
Mrs Mary Buttimer,0,0,0.392,0.173
J P Dempsey,0,0,0.318,0.171
Bernard E Fox,0,0,0,0
Paul Magnier,0.581,0.861,0.285,0.17
Thomas Cleary,0.415,0.674,0.251,0.135
J C Hayden,0.258,0.369,0.414,0.28
Desmond McDonogh,0.318,0.429,0.436,0.273
J Motherway,1.056,1.087,0.503,0.369
Michael McCullagh,1.223,1.083,0.724,0.592
Trevor Horgan,0,0,0.424,0.288
S A Kirk,0,0,0.557,0.375
William Durkan,0,0,0.374,0.214
Richard Francis OGorman,0.726,0.763,0.448,0.295
Andrew Heffernan,0.726,1.033,0.58,0.433
Martin OToole,0.872,1.146,0.409,0.261
A Oliver,0.471,0.492,0.463,0.321
Charles OBrien,0.75,0.517,0.542,0.385
P Cluskey,0,0,0.284,0.147
Cecil Ross,0.83,0.87,0.556,0.411
Mrs Y Dunleavy,0.505,0.846,0.341,0.198
Gerard Stack,0.628,0.71,0.427,0.283
Edward Cawley,0.93,1.141,0.49,0.343
John Monroe,0.401,0.438,0.435,0.27
G M ONeill,0.465,0.372,0.586,0.42
Richard Kehoe,0,0,0.296,0.124
Owen Weldon,0,0,0.302,0.137
D P Kelly,0,0,0.386,0.245
J P Fogarty,0,0,0.42,0.243
A D Evans,0,0,0.26,0.097
Timothy OCallaghan,0.894,1.072,0.546,0.385
Emmanuel Hughes,0,0,0.358,0.195
L T Reilly,0,0,0.33,0.188
John J Nallen,0,0,0.218,0.082
Mrs Susanne Docker,0,0,0.234,0.081
John J Walsh,0.43,0.653,0.441,0.276
C Collins,1.419,1.129,0.5,0.346
Mrs A Naughton,0,0,0.186,0.058
J F Grogan,0,0,0.601,0.409
Adrian Maguire,1.709,1.22,0.519,0.396
Edward Lynam,0.672,0.525,0.553,0.385
G A Kingston,0,0,0.453,0.273
Patrick Lacey,0,0,0.363,0.155
Gerard Kyne,0,0,0.237,0.093
M J Phillips,0.447,0.408,0.553,0.404
David Martin Kelly,0,0,0.449,0.277
P Corcoran,0,0,0.3,0.174
John Patrick Ryan,0,0,0.277,0.122
Derek Kane,0,0,0.22,0.095
Patrick G Kelly,0.465,0.62,0.383,0.226
Martin Kenirons,0,0,0.436,0.246
M A Joyce,0.484,1.395,0.361,0.195
Martin Paul Fitzgerald,0,0,0.182,0.056
John M Burke,0,0,0.504,0.322
P J Hassett,0,0,0.105,0.02
G Kennedy,0,0,0.218,0.069
Mrs Hannah Lee,0,0,0.25,0.142
I Madden,0.23,0.305,0.362,0.217
Patrick Towey,0,0,0.277,0.13
Paul Duggan,0.775,0.742,0.601,0.402
John Long,0,0,0.314,0.274
James G Sheehan,0,0,0.581,0.396
Ivor Kingston,0,0,0.168,0.055
P F McEnery,0,0,0.396,0.197
Michael Harty,0,0,0.434,0.293
Shane Joseph Kelly,1.937,3.155,0.629,0.433
S McParlan,1.291,1.907,0.247,0.163
Norman Cassidy,0,0,0.34,0.162
Padraig OConnor,0,0,0.337,0.167
Patrick Boyle,0,0,0.308,0.162
Michael Kiernan,0,0,0.21,0.083
M O Quigley,0,0,0.262,0.138
W J Martin,0,0,0.325,0.175
Michael Kavanagh,0,0,0.386,0.232
James Murphy,0,0,0.436,0.261
John Paul Brennan,2.179,2.498,0.542,0.417
Miss Clare Judith MacMahon,0.83,0.853,0.406,0.276
Joseph M Daly,0,0,0.208,0.063
Peter Henley,0.484,0.56,0.518,0.331
B P Galvin,0,0,0.19,0.066
Roy Clarke,0,0,0.353,0.199
J E Mulhern,0.484,0.519,0.414,0.24
Oliver Finnegan,1.55,1.694,0.474,0.319
Miss J McDowell,0,0,0.23,0.112
T E Hyde,0,0,0.51,0.35
S G Walsh,0,0,0.302,0.128
Lord Tyrone,0,0,0.465,0.28
Mrs Olivia Byrne,0,0,0.449,0.319
Allen Eastwood,0,0,0.301,0.144
John J Costello,0,0,0.647,0.419
James Bowe,2.988,1.096,0.657,0.534
Thomas Walker,0,0,0.417,0.255
Michael David Murphy,0.968,0.947,0.432,0.286
M J Tynan,0,0,0.392,0.238
Mrs Mary C OConnor,0,0,0.242,0.074
Michael Finbarr Cotter,0,0,0.266,0.129
Miss Julie Weston,0,0,0.645,0.51
P Mullins,0,0,0.664,0.505
J A Berry,0.253,0.314,0.445,0.274
R H Lalor,0,0,0.48,0.343
Timothy Cleary,0,0,0.301,0.136
Joseph Hennessy,0,0,0.425,0.229
W T Bourke,0,0,0.374,0.191
M W Hickey,3.874,1.56,0.829,0.704
Ms Aine Ni Chonaill,0,0,0.41,0.235
Noel Brett,0,0,0.518,0.307
J F Sleator,0,0,0.122,0.023
Michael J Quaid,0,0,0.17,0.069
John Clarke,0,0,0.697,0.559
Michael C Griffin,0.684,0.782,0.479,0.349
S Braddish,2.324,1.971,0.574,0.427
Denis Fitzgerald,0,0,0.197,0.04
W J Perry,0,0,0.345,0.184
F Kavanagh,0,0,0.342,0.144
James Keegan,0,0,0.22,0.117
Mrs M Hutchinson,0,0,0,0
D Deacon,0.43,0.621,0.55,0.368
John Geoghegan,0.528,0.637,0.407,0.259
G C Foley,0,0,0.467,0.25
John F ONeill,0,0,0.34,0.228
Moses McCabe,0.775,1.032,0.484,0.344
Patrick Mooney,1.056,1.581,0.371,0.25
Fergal ODonnell,2.905,5.049,0.317,0.262
J C OLeary,0,0,0.504,0.281
Michael J Hogan,0,0,0.353,0.125
D Maguire,0,0,0.194,0.097
W P Browne,0,0,0.201,0.067
J G Coogan,0,0,0.282,0.115
David Edward Finn,0,0,0.324,0.138
John Kirwan,0,0,0.337,0.276
R M Moore,0.775,1.348,0.344,0.177
Miss Suzy Barkley,1.743,2.46,0.443,0.311
J R H Fowler,0.522,0.615,0.461,0.317
P P Goulding,1.291,0.915,0.654,0.488
Mrs Jeanette Riordan,0,0,0.305,0.144
Jeremiah John ONeill,0,0,0.418,0.24
Ian James Hannon,0,0,0.545,0.335
Edward Barrett,0,0,0.2,0.046
Mrs Annette McMahon-Reidy,1.66,2,0.457,0.325
Anthony Moloney,0,0,0.222,0.1
Ronald ONeill,0,0,0.409,0.234
William Smyth,0,0,0.277,0.113
Donal Commins,0,0,0,0
Seamus Spillane,0,0,0.196,0.055
James Burke,0,0,0.389,0.203
Denis Gerard McCarthy,0,0,0.17,0.056
Charles Coakley,0.628,0.897,0.488,0.334
T Simmons,0,0,0,0
A K Wyse,0,0,0.78,0.629
Joseph G Murphy,0.291,0.241,0.534,0.364
Lorna Casey,0,0,0.112,0.029
A Walker,0,0,0.194,0.107
G Ducey,0,0,0.079,0.025
John F Gleeson,1.603,1.523,0.553,0.431
L Byrne,0,0,0.565,0.341
W F Treacy,0,0,0.504,0.328
F Oakes,0,0,0.532,0.346
Paul Martin Pierce,0,0,0.288,0.129
N F Glynn,0,0,0.1,0.03
Martin Browne,1.453,0.998,0.493,0.392
F Dunne,0,0,0.346,0.12
John Rafferty,0,0,0.255,0.081
Lester Winters,0,0,0.45,0.309
P M Rogers,1.291,2.31,0.52,0.379
V Kennedy,0.612,0.86,0.312,0.189
Niall J Donohoe,0,0,0,0
Patrick Tallis,3.32,4.051,0.547,0.434
Kieran P Cotter,0,0,0.422,0.217
J C Harley,0,0,0.144,0.04
A Schutz,0,0,0.778,0.605
Reginald Roberts,0,0,0.273,0.113
Mrs Seamus Hayes,1.937,1.656,0.566,0.451
M J Byrne,0,0,0.305,0.15
Kevin F ODonnell,0,0,0.729,0.572
Noel Furlong,0,0,0.649,0.434
E J Kennedy,0,0,0.058,0.004
M A Gunn,0,0,0.285,0.166
J F C Maxwell,3.169,2.686,0.527,0.409
George Stewart,0,0,0.525,0.334
J McCaghy,0,0,0.325,0.105
Graham T Morrow,0,0,0.136,0.019
Gerard Farrell,0,0,0.479,0.257
Robin McNeilly,0,0,0.143,0.02
L W Doran,0,0,0.171,0.1
Sean Thornton,0,0,0.386,0.164
Patrick J F Gillespie,0,0,0.143,0.031
B W Malone,0,0,0.352,0.209
James Francis Brennan,0,0,0.119,0.043
Neill McCluskey,0,0,0.138,0.063
Michael Fitzsimons,0,0,0.418,0.281
Mrs C OLeary,0,0,0.182,0.045
C T Deacon,0,0,0.717,0.541
Gavin Cromwell,0,0,0.376,0.169
Ciaran OBrien,0,0,0.396,0.249
William Patton,0,0,0.502,0.349
Mrs John B Ross,0,0,0.483,0.336
I McCaghy,0,0,0.564,0.371
Damien Lavery,0,0,0.183,0.067
Patrick J Mackin,0,0,0,0
P F McKinley,0,0,0.297,0.23
H Smyth,0,0,0.281,0.143
W Newman,0,0,0.29,0.146
Donal Kinsella,0,0,0.459,0.306
T J Canavan,0,0,0.2,0.065
B R Hamilton,1.453,1.159,0.682,0.503
Mrs Hugh Baird,0,0,0.458,0.259
Sean Byrne,0,0,0.405,0.208
Alan Daly,0,0,0.121,0.031
Mrs Marian Murphy,0,0,0.499,0.383
Dermot Murphy,0,0,0.158,0.043
Sabrina J Harty,0,0,0.222,0.062
D Harvey,0,0,0.535,0.344
Miss Jane Bradbury,0,0,0.75,0.562
Valentine Donoghue,0,0,0.388,0.216
Victor Wilson,0,0,0.553,0.415
A D Nolan,0,0,0.241,0.11
C P Coyle,0,0,0.188,0.035
T J Hanafin,0,0,0.528,0.279
M Phelan,0,0,0.538,0.29
John Neilan,0,0,0.355,0.235
H Fitzpatrick,0,0,0.253,0.081
P Beirne,0,0,0.502,0.255
Ms M T Condon,0,0,0.287,0.106
Michael F Kearney,0,0,0.249,0.094
Liam ODonoghue,0,0,0.515,0.36
J P OKeeffe,0,0,0.659,0.441
Mrs Pauline Gavin,1.453,1.961,0.324,0.215
Aengus King,1.937,3.108,0.571,0.447
C P Magnier,0,0,0.402,0.191
Ms M Dowdall Blake,0,0,0.155,0.062
Miss J Lightholder,0,0,0.211,0.103
F G Hand,0,0,0.75,0.579
E D Delany,0,0,0.267,0.087
David J McGrath,0,0,0.693,0.542
Seamus Neville,0,0,0.171,0.054
C Wilkinson,0,0,0.088,0.016
J A Casserly,0,0,0.681,0.464
Mrs N OHagan,0,0,0.095,0.009
Joseph M Canty,0,0,0.327,0.154
Matthieu Palussiere,0,0,0.199,0.053
Mrs Everina Kilfeather,0,0,0.029,0.002
P M Mooney,0,0,0.043,0.003
J P Broderick,0,0,0.288,0.163
Irene J Monaghan,0,0,0.142,0.031
M G Quinn,0,0,0,0
Alan Fleming,0,0,0.086,0.014
Mrs Maureen Danagher,0,0,0.537,0.377
P Hogan,0,0,0.526,0.286
Miss Rita McCann,0,0,0.031,0.002
Mrs Bernadette OReilly,0,0,0.212,0.135
James Devereux,0,0,0.164,0.068
Stephen Kelly,0,0,0.21,0.087
James Vincent Slevin,3.874,1.927,0.743,0.67
Michael Vaughan,0,0,0.158,0.039
Ms Florence Mills,0,0,0.134,0.036
T J Corcoran,0,0,0.548,0.356
F Costello,0,0,0.117,0.029
Tom Bergin,0,0,0.502,0.316
P D Fitzgerald,0,0,0.502,0.28
Michael Doran,0,0,0.573,0.384
R Hennessy,0,0,0.812,0.66
S Dolan,0,0,0.375,0.141
A J Kennedy,0,0,0.265,0.132
J L Rothwell,0,0,0.097,0.014
Patrick Griffin,0,0,0.283,0.127
Mrs C Harrison,0,0,0.434,0.277
J R Shaw,0,0,0,0
G Hayes,0,0,0.252,0.148
M N ORiordan,0,0,0.22,0.095
William F Kelleher,0,0,0.416,0.235
Thomas Carmody,0,0,0.437,0.241
P J Goodwin,0,0,0.376,0.192
P M Hurley,0,0,0.515,0.294
Patrick J Duffy,0,0,0.554,0.337
Oliver J Power,0,0,0,0
Sean Treacy,0,0,0,0
George Kent,4.649,3.873,0.624,0.534
Michael Mulvany,0,0,0.579,0.338
Timothy Townend,0,0,0.73,0.542
C Hewitt,0,0,0.269,0.115
Thomas F Cusack,0,0,0,0
Donal C OBrien,0,0,0.22,0.051
Myles Coughlan,0,0,0.294,0.098
John J Maguire,0,0,0.138,0.084
J J Lennon,0,0,0,0
Thomas OToole,0,0,0.5,0.25
S Wilson,0,0,0.171,0.03
T J Arnold,0,0,0.038,0.003
James Morrissey,0,0,0.355,0.209
Adrian Sexton,0,0,0.024,0.001
P OKeeffe,0,0,0.26,0.135
Gerard Quirk,2.324,3.347,0.65,0.517
J F Tormey,0,0,0.137,0.033
Miss Tracy M Reilly,0,0,0.344,0.156
Cormac Flannery,0,0,0.24,0.059
Michael Fitzgerald,0,0,0.199,0.095
John J Cullen,0,0,0.052,0.006
A Lillingston,0,0,0.344,0.143
Joseph Cregan,1.937,3.136,0.596,0.404
W Fennin,0,0,0.72,0.549
Nicholas Fahy,0,0,0.125,0.016
David OSullivan,0,0,0,0
Philip Walsh,2.905,2.592,0.61,0.511
John W Byrne,0,0,0.286,0.082
D Rohan,0,0,0,0
C OKeeffe,0,0,0.315,0.226
M Keane,0,0,0.515,0.302
Michael A Kelly,0,0,0.186,0.035
Mrs P Gore-Cogan,0,0,0.045,0.004
P J Stokes,2.905,1.853,0.423,0.37
T Hannon,0,0,0.762,0.58
Mrs Mary Whelehan,1.937,2.932,0.442,0.315
Eugene Cleary,0,0,0.579,0.408
Thomas J Gray,0,0,0.059,0.003
T M Finnegan,0,0,0.267,0.087
A M OGrady,0,0,0.488,0.419
J P Lane,0,0,0,0
John F Robinson,0,0,0.123,0.023
W M Sheehy,0,0,0.606,0.367
Christopher Phillips,0,0,0.138,0.041
G OHagan,0,0,0.235,0.083
F F McGuinness,2.905,2.681,0.722,0.575
Thomas Martin Peoples,0,0,0,0
P M Quinlan,0,0,0.356,0.237
Mrs Jonah Wragg,0,0,0.565,0.319
Noel Henley,0,0,0,0
Mark J Doyle,0,0,0.167,0.028
Fintan Feeney,0,0,0.125,0.035
John P A Kenny,0,0,0,0
B Lalor,0,0,0.059,0.003
A Gannon,0,0,0.462,0.213
Michael John Cronin,0,0,0.155,0.024
K Riordan,0,0,0.5,0.278
Noel Lawlor,0,0,0.889,0.79
Padraig Gerard Higgins,0,0,0.417,0.174
Jeremiah Fitzpatrick,0,0,0.482,0.249
Shane J Fleming,0,0,0.25,0.062
James OHaire,0,0,0.444,0.198
John Michael Kennedy,0,0,0.071,0.005
J Reilly,11.621,5.5,1,1
Denis OHerlihy,0,0,0.22,0.076
William P Murphy,0,0,0.182,0.033
Aidan Anthony Howard,0,0,0.474,0.224
